paper_id,arxiv_id,source_type,column_layout,subject,condition,heading_count_gt,heading_count_parser,heading_precision,heading_recall,heading_f1,hierarchy_f1,body_token_count,figure_count_parser,figure_count_gt,formula_count_parser,formula_count_gt,reference_count_parser,reference_count_gt,table_presence,table_structural_completeness,coherent_section_pct,sec_per_doc,error
23112067-64a6-416e-a461-5c59fd84326d,2304.14347,arxiv,single,cs.LG,grobid,3,2,1.0,0.6667,0.8,0.0,1286,0,0,0,0,9,9,0,0.0,1.0,1.57,
2e7b7c80-425c-4106-b469-0ea5263c999c,2602.07031,arxiv,single,cs.LG,grobid,7,20,0.3,0.8571,0.4444,0.0,12262,21,1,26,13,58,0,1,1.0,0.1111111111111111,3.96,
435a5c71-1667-4445-bc50-187cfab96665,2602.04074,arxiv,single,cs.LG,grobid,10,32,0.3125,1.0,0.4762,0.0,10497,21,2,0,0,51,0,0,0.0,0.7931034482758621,3.21,
6926d2fd-812f-4ccf-af03-91a17f52c2da,2602.16739,arxiv,single,cs.LG,grobid,21,29,0.069,0.0952,0.08,0.0,11315,17,15,2,3,53,82,0,0.0,0.5,2.66,
fd76840c-68f2-4fa6-a83f-3dce215ecf64,2602.19770,arxiv,single,cs.LG,grobid,10,33,0.2727,0.9,0.4186,0.0,14688,23,5,6,4,71,0,1,1.0,0.625,8.02,
ef496f8d-2625-49d3-b352-cd92df3697f0,2510.20714,arxiv,single,cs.LG,grobid,16,15,0.8667,0.8125,0.8387,0.0,6714,7,7,2,1,25,20,1,0.8333333333333334,0.5833333333333334,2.16,
5b1afba5-0c90-4d84-83b4-78cf5095603f,2512.15783,arxiv,single,cs.LG,grobid,7,20,0.25,0.5714,0.3478,0.0,9740,7,0,0,0,47,0,1,1.0,0.7368421052631579,2.68,
dbf7b267-783e-46d4-b451-a39f79a8c63c,2602.03883,arxiv,single,cs.LG,grobid,5,4,1.0,0.8,0.8889,0.0,2279,6,6,12,7,19,19,0,0.0,1.0,1.56,
13fbbe70-498d-4f8c-86aa-07ac45c8badd,2404.09896,arxiv,single,cs.LG,grobid,13,12,0.9167,0.8462,0.88,0.0,4006,5,4,0,0,22,0,1,1.0,0.6363636363636364,1.7,
40e61a53-fdb0-45b1-ad4d-aeff81982f14,2510.12915,arxiv,single,cs.LG,grobid,25,21,0.7143,0.6,0.6522,0.0,11152,0,0,0,0,65,9,0,0.0,0.5555555555555556,2.62,
7b8f6673-a35f-4019-a476-d6075609cb14,2602.04616,arxiv,single,cs.LG,grobid,13,64,0.1562,0.7692,0.2597,0.0,14975,10,3,1,0,150,0,1,1.0,0.9666666666666667,3.25,
26979d70-8f41-4612-bf24-b5dc5e8a12fb,2603.02223,arxiv,single,cs.LG,grobid,9,7,0.0,0.0,0.0,0.0,4141,6,6,0,0,49,50,1,1.0,0.8571428571428571,1.85,
d2f8662f-2651-45fc-91a3-6781dcb5f2d1,2512.19707,arxiv,single,cs.LG,grobid,12,17,0.4118,0.5,0.4516,0.0,9724,9,4,0,0,89,0,0,0.0,0.42857142857142855,2.78,
f71b1644-3ab2-4e40-a6dc-26cb9030aef0,2602.17708,arxiv,single,cs.LG,grobid,22,51,0.4314,0.9545,0.5942,0.0,10996,3,0,20,21,35,0,1,1.0,0.13636363636363635,2.49,
67eee5e7-362a-4e39-9301-bfe211c79d94,2602.19410,arxiv,single,cs.LG,grobid,7,14,0.4286,0.8571,0.5714,0.0,6047,9,10,1,1,35,0,1,0.9,0.9230769230769231,1.97,
919c801e-0588-47e9-bd95-d49d4e00c564,2602.06446,arxiv,single,cs.LG,grobid,29,32,0.7188,0.7931,0.7541,0.0,4554,12,3,7,5,39,40,1,1.0,0.6296296296296297,2.09,
2223652e-58d0-4b8c-b537-4fe3c8526dee,2602.15890,arxiv,single,cs.LG,grobid,7,17,0.1765,0.4286,0.25,0.0,7589,18,3,30,13,27,0,0,0.0,0.21428571428571427,3.46,
aef4da1e-7260-479b-a900-1bdec3bde85a,2602.08290,arxiv,single,cs.LG,grobid,12,41,0.2927,1.0,0.4528,0.0,7114,2,0,6,3,26,0,1,0.8333333333333334,0.8536585365853658,1.99,
18eb8b7a-1fea-4de4-b990-3216c2668d57,2603.06271,arxiv,single,cs.LG,grobid,6,30,0.1667,0.8333,0.2778,0.0,15505,7,3,2,0,77,0,1,0.5,0.25,3.59,
b78344c6-419e-4340-8c6b-542bae4f45df,2602.09793,arxiv,single,cs.LG,grobid,12,39,0.2051,0.6667,0.3137,0.0,11011,12,6,1,0,41,0,1,1.0,0.3333333333333333,3.85,
0a2457bd-8ea4-47b9-bb87-5f1f658366d3,2404.03208,arxiv,single,cs.LG,grobid,15,27,0.5556,0.9333,0.6965,0.0,5544,10,2,3,1,54,0,1,0.8333333333333334,0.5652173913043478,2.3,
44c8e989-a77f-4d0e-8760-3b684f0f0cd7,2211.01315,arxiv,single,cs.LG,grobid,34,26,0.2308,0.1765,0.2,0.0,6682,4,6,0,0,14,14,0,0.0,0.92,1.85,
b1384b07-573b-4183-b6c4-f93d383cd971,2602.12150,arxiv,single,cs.LG,grobid,19,19,0.7368,0.6316,0.6802,0.0,6679,3,4,0,0,29,32,0,0.0,0.6111111111111112,1.89,
48989ca8-70a2-43c8-872c-fedd7806a99a,2601.09282,arxiv,single,cs.LG,grobid,15,32,0.125,0.2667,0.1702,0.0,19385,8,3,19,7,46,0,0,0.0,0.6333333333333333,3.55,
af1ff450-5a82-41aa-a4b9-819702fcb43f,2502.19115,arxiv,single,cs.LG,grobid,8,12,0.6667,1.0,0.8,0.0,5035,1,1,0,0,24,0,1,1.0,1.0,1.83,
183ddbfe-4a5a-4f05-88ef-90de964ba0af,2602.16737,arxiv,single,cs.LG,grobid,9,10,0.5,0.5556,0.5263,0.0,4810,6,5,3,3,34,24,1,0.75,0.5,2.21,
77fa3e44-d439-497e-8eca-be7fa649ba78,2602.08479,arxiv,single,cs.LG,grobid,11,16,0.0,0.0,0.0,0.0,4818,13,13,5,8,30,30,0,0.0,0.5714285714285714,1.7,
735cc8a5-0f9a-4d7c-8928-8a43353577a6,2603.02810,arxiv,single,cs.LG,grobid,13,16,0.4375,0.5385,0.4828,0.0,5117,14,1,10,13,34,0,1,1.0,0.5833333333333334,2.39,
9c4d0f94-c045-41af-987a-e1c94f4d646f,2512.22426,arxiv,single,cs.LG,grobid,16,28,0.5714,1.0,0.7273,0.0,8254,21,1,19,24,38,0,1,1.0,0.20833333333333334,2.6,
e6709813-02fe-4640-a122-5bca0457e9a5,2603.00812,arxiv,single,cs.LG,grobid,24,33,0.6061,0.8333,0.7018,0.0,5534,10,0,4,15,18,0,1,1.0,0.35714285714285715,1.86,
fb44f060-f97a-4722-b9bf-b79bc61a383c,2601.10181,arxiv,single,cs.LG,grobid,12,10,0.5,0.4167,0.4545,0.0,3830,4,3,3,3,12,12,0,0.0,0.125,1.5,
ca62cb52-86df-4cc4-b509-e7929c3653fa,2503.16191,arxiv,single,cs.LG,grobid,14,21,0.4762,0.7143,0.5714,0.0,11193,17,2,0,0,36,0,1,1.0,0.9523809523809523,2.62,
24cfd54b-cf68-469b-ac64-b988e4967f76,2506.03317,arxiv,single,cs.LG,grobid,5,9,0.4444,0.8,0.5714,0.0,5551,10,7,0,0,60,0,1,1.0,0.5714285714285714,2.01,
c039123c-f01c-44e2-b44c-cad8e2b66fdc,2601.11616,arxiv,single,cs.LG,grobid,23,27,0.6667,0.7826,0.72,0.0,5080,12,3,17,8,11,12,0,0.0,0.84,2.08,
b299a662-5851-4d74-abca-bedd7230f3a2,2602.07051,arxiv,single,cs.LG,grobid,30,63,0.4762,1.0,0.6452,0.0,6868,14,4,8,7,25,0,1,0.5,0.5555555555555556,2.19,
79700c2e-f930-4aae-8867-6dc4ee94e311,2602.11539,arxiv,single,cs.LG,grobid,14,20,0.4,0.5714,0.4706,0.0,7537,1,1,26,22,21,208,1,0.7857142857142857,0.5714285714285714,2.29,
48ba6299-8c0c-442c-a059-2242446ce885,2602.04277,arxiv,single,cs.LG,grobid,6,16,0.3125,0.8333,0.4545,0.0,6626,22,8,2,0,25,0,0,0.0,0.2857142857142857,2.35,
9e0f8624-0350-498f-a29f-3170161ac9bb,2602.11081,arxiv,single,cs.LG,grobid,7,26,0.1923,0.7143,0.303,0.0,15438,8,3,28,0,89,0,1,0.9166666666666666,0.625,3.53,
31f89ea4-8a08-4f7f-9298-39287b380d0d,2602.05087,arxiv,single,cs.LG,grobid,3,146,0.0068,0.3333,0.0134,0.0,31716,40,0,27,0,60,0,1,1.0,0.30597014925373134,6.46,
fd1cfacb-0257-497d-b71b-ab23a42ecd69,2602.13712,arxiv,single,cs.LG,grobid,10,4,0.0,0.0,0.0,0.0,2135,5,6,0,0,12,12,0,0.0,0.6666666666666666,1.43,
bdacaa24-aae3-4c80-92df-c56122193935,2510.26376,arxiv,single,cs.LG,grobid,9,14,0.2143,0.3333,0.2609,0.0,10476,42,4,2,0,73,0,0,0.0,0.3333333333333333,3.67,
36a6a213-fbd6-4b4e-838e-d6f3ba14f7d3,2603.03802,arxiv,single,cs.LG,grobid,12,17,0.2353,0.3333,0.2759,0.0,11277,9,6,28,9,63,43,1,1.0,0.29411764705882354,3.05,
4e5f1fa7-8f2d-43f0-8b40-bb51cb1c39dd,2603.00060,arxiv,single,cs.LG,grobid,22,28,0.6429,0.8182,0.72,0.0,9455,2,1,0,0,29,0,1,1.0,0.9615384615384616,2.15,
c0629a6c-da40-4790-a5e8-5a7efcd0ba30,2602.21648,arxiv,single,cs.LG,grobid,32,40,0.775,0.9688,0.8611,0.0,5275,6,0,11,15,24,0,0,0.0,0.59375,1.91,
a0ee13ab-d9d9-440a-b6b2-b2d8897ac2c9,2601.22300,arxiv,single,cs.LG,grobid,10,11,0.9091,1.0,0.9524,0.0,5499,5,4,0,6,50,0,1,1.0,0.7777777777777778,1.87,
40ab7f70-d597-4b9f-aca1-18668194ac16,2602.07152,arxiv,single,cs.LG,grobid,103,314,0.1497,0.3204,0.204,0.0,114319,257,0,85,0,487,0,1,0.9659090909090909,0.7312925170068028,34.69,
95593b84-4262-436e-bd34-ac30ba98a776,2505.11578,arxiv,single,cs.LG,grobid,20,20,0.45,0.45,0.45,0.0,7528,18,3,8,18,49,0,1,1.0,0.47058823529411764,2.68,
0ff61f66-100e-4712-a960-7a5179812340,2602.21533,arxiv,single,cs.LG,grobid,9,35,0.1429,0.5556,0.2273,0.0,9442,27,3,4,0,51,0,0,0.0,0.8214285714285714,3.06,
52da2dfe-758c-4c5d-993e-4ebc44aa94e4,2602.20164,arxiv,single,cs.LG,grobid,18,31,0.5806,1.0,0.7347,0.0,5340,6,1,5,6,28,0,1,1.0,0.7586206896551724,1.83,
bd7feda6-441d-4fe4-b6fc-ecbd45a2faf6,2407.12226,arxiv,single,cs.LG,grobid,11,35,0.2571,0.8182,0.3913,0.0,13877,37,2,9,0,35,0,1,1.0,0.5,2.97,
3969e006-6b1a-4819-b80c-2c0f3308ac3c,2602.04373,arxiv,single,cs.LG,grobid,15,30,0.3,0.5333,0.384,0.0,10621,7,1,0,0,69,0,1,1.0,0.6296296296296297,2.75,
badf181f-ede6-4639-b153-f69a767b575e,2603.04443,arxiv,single,cs.LG,grobid,34,48,0.6458,0.9118,0.7561,0.0,9980,8,4,5,24,47,0,1,1.0,0.7659574468085106,2.27,
01fd2fa8-a94c-4f9d-bf3b-f9754df351c9,2602.06772,arxiv,single,cs.LG,grobid,16,23,0.6957,1.0,0.8205,0.0,4963,3,3,0,0,14,15,1,1.0,0.7058823529411765,1.63,
1e134e12-1055-4034-812d-d9886100b299,2403.08802,arxiv,single,cs.LG,grobid,11,16,0.5625,0.8182,0.6667,0.0,15711,6,2,0,0,138,0,0,0.0,1.0,3.05,
4dcf8e83-069b-4a0b-9bab-a8428ce7e351,2603.05024,arxiv,single,cs.LG,grobid,14,33,0.3939,0.9286,0.5532,0.0,13295,19,2,41,15,24,24,1,1.0,0.3225806451612903,3.19,
1dfcbd76-f856-40f5-ab1e-a6c59933af67,2506.20102,arxiv,single,cs.LG,grobid,26,27,0.4815,0.5,0.4906,0.0,5332,2,2,5,4,39,67,0,0.0,0.52,1.75,
45c71969-d92b-49a7-95a8-bf46f359b615,2602.04757,arxiv,single,cs.LG,grobid,6,32,0.125,0.6667,0.2105,0.0,13155,40,0,6,0,106,0,0,0.0,0.7083333333333334,3.65,
ac0b6d9f-5394-4b04-a68f-6d2eb17a7d42,2602.10967,arxiv,single,cs.LG,grobid,15,11,0.0,0.0,0.0,0.0,4277,14,13,1,4,11,10,0,0.0,0.5555555555555556,2.01,
0026b418-fbb7-4212-a172-515472f20db1,2508.21418,arxiv,single,cs.LG,grobid,13,12,0.8333,0.7692,0.8,0.0,8938,12,12,0,0,54,91,1,0.9,0.9090909090909091,2.74,
6c518873-b23c-48f5-acc1-020daeac6c9d,2602.08577,arxiv,single,cs.LG,grobid,16,30,0.3667,0.75,0.4925,0.0,25895,10,2,25,29,33,1000,1,0.8125,0.37037037037037035,5.74,
fc3bbd11-52d0-469c-907f-b09a00f06ea4,2602.23303,arxiv,single,cs.LG,grobid,5,7,0.1429,0.2,0.1667,0.0,6640,4,4,7,2,53,0,0,0.0,1.0,1.95,
47c12bfc-91d2-4fe4-93cc-2b9e30664265,2602.10458,arxiv,single,cs.LG,grobid,12,27,0.3704,0.8333,0.5128,0.0,9082,13,2,29,6,54,0,1,0.9545454545454546,0.68,2.91,
3c14b491-ea2f-400a-ad51-1ba2f3ff3767,2602.00130,arxiv,single,cs.LG,grobid,24,66,0.3333,0.7917,0.4691,0.0,8861,11,7,6,3,64,0,1,1.0,0.1724137931034483,2.45,
9e34a0b0-df08-433d-9214-75c46023ba96,2601.18685,arxiv,single,cs.LG,grobid,15,25,0.48,0.8,0.6,0.0,5721,6,1,0,0,56,0,0,0.0,0.7083333333333334,2.2,
a8651bdd-39c3-4bde-a2b6-f14b4ee2a38b,2602.04782,arxiv,single,cs.LG,grobid,18,18,0.5,0.4444,0.4706,0.0,9116,9,10,36,22,33,34,0,0.0,0.5,2.3,
d0f9fead-20c9-4fc1-adc1-b49a8721d0b1,2406.01523,arxiv,single,cs.LG,grobid,8,10,0.8,1.0,0.8889,0.0,6305,10,12,8,7,56,0,1,1.0,0.6666666666666666,5.6,
ef42383e-673f-4998-9384-8e515d1b7954,2603.00004,arxiv,single,cs.LG,grobid,43,61,0.4262,0.6512,0.5152,0.0,10533,27,24,1,0,20,0,0,0.0,0.8571428571428571,2.54,
f604fb54-cca1-4f29-92fe-99a51c0dbb83,2602.11194,arxiv,single,cs.LG,grobid,7,9,0.3333,0.4286,0.375,0.0,5783,19,2,4,0,38,0,1,1.0,0.5,2.22,
764d9e84-9cb4-46e1-84da-b8c38c0bafe7,2412.11399,arxiv,single,cs.LG,grobid,18,19,0.2105,0.2222,0.2162,0.0,7178,10,10,32,17,35,34,0,0.0,0.4666666666666667,3.28,
f601473e-548f-4e4b-9e00-fa1b49bf7918,2503.11066,arxiv,single,cs.LG,grobid,16,15,0.4,0.375,0.3871,0.0,10071,12,46,32,20,68,46,0,0.0,0.3333333333333333,2.78,
07b6c03e-d715-4e58-8f52-0fe2060f7aa2,2602.17797,arxiv,single,cs.LG,grobid,13,9,0.1111,0.0769,0.0909,0.0,3921,9,9,0,0,12,12,0,0.0,0.5,1.79,
4fc9487f-5ee7-4214-a63e-71f0d540cc4c,2602.22228,arxiv,single,cs.LG,grobid,13,10,1.0,0.7692,0.8696,0.0,6314,8,0,0,0,41,0,0,0.0,0.6,2.02,
92d87e42-9f92-479b-9188-a9522ba4cf91,2602.10801,arxiv,single,cs.LG,grobid,15,25,0.12,0.2,0.15,0.0,9594,9,6,6,19,27,0,1,1.0,0.45,2.44,
21e44e6b-44d2-4ad8-a8b1-e57b4f01908e,2506.06308,arxiv,single,cs.LG,grobid,13,43,0.1395,0.4615,0.2143,0.0,13360,14,1,10,13,99,0,0,0.0,0.4878048780487805,3.11,
6e4e1a35-985e-45b0-b6c9-163711882745,2510.09308,arxiv,single,cs.LG,grobid,12,34,0.2941,0.75,0.4225,0.0,9584,11,2,1,0,28,0,1,1.0,0.8235294117647058,2.24,
3b857472-fe4f-4369-9c62-bf4a617102d8,2602.08086,arxiv,single,cs.LG,grobid,15,15,0.9333,0.9333,0.9333,0.0,5366,0,0,0,0,15,15,0,0.0,0.7333333333333333,1.62,
18b540a6-e094-4ee0-b46d-3199fb11483c,2210.09226,arxiv,single,cs.LG,grobid,5,5,0.4,0.4,0.4,0.0,2364,6,7,1,2,13,13,0,0.0,1.0,1.49,
0778679b-7e8c-4249-9e48-26fdc1dce037,2602.22400,arxiv,single,cs.LG,grobid,21,18,0.2778,0.2381,0.2564,0.0,4052,0,6,0,0,25,25,0,0.0,0.7777777777777778,1.6,
f0a379f6-ce76-4dfd-bad5-47ca39e403c2,2602.22261,arxiv,single,cs.LG,grobid,6,9,0.4444,0.6667,0.5333,0.0,6155,3,5,0,0,16,0,0,0.0,0.8888888888888888,1.68,
a914e082-80f9-44cc-8be6-cc4269983113,2602.05053,arxiv,single,cs.LG,grobid,20,24,0.7083,0.85,0.7727,0.0,5757,6,2,11,11,7,0,0,0.0,0.35,1.8,
e604e46f-de1a-438c-9b1b-f13a6168146e,2602.14275,arxiv,single,cs.LG,grobid,36,25,0.72,0.5,0.5902,0.0,4031,4,3,4,7,13,11,1,1.0,0.55,1.78,
f8e45e6b-7c58-4eb0-8e21-16a3b6214223,2602.07162,arxiv,single,cs.LG,grobid,8,12,0.5833,0.875,0.7,0.0,11623,18,1,30,14,32,0,0,0.0,0.4,3.85,
24eabcb5-e453-4495-8357-b096a34d7021,2408.16773,arxiv,single,cs.LG,grobid,11,19,0.3158,0.5455,0.4,0.0,5998,11,5,0,0,39,0,0,0.0,0.35294117647058826,1.87,
4ce2c883-8013-4d5a-947f-dddaa3ce1fb5,2204.05138,arxiv,single,cs.LG,grobid,7,209,0.0431,0.8571,0.082,0.0,91803,22,2,7,0,59,0,0,0.0,0.9166666666666666,11.22,
b111b4fc-c577-446a-9c29-f2ebcf2af82c,2308.09730,arxiv,single,cs.LG,grobid,19,16,0.3125,0.2632,0.2857,0.0,6339,21,9,0,0,61,0,1,1.0,0.8666666666666667,2.26,
ea906d7d-9b38-4012-ba65-6e27a78337ef,2506.16782,arxiv,single,cs.LG,grobid,5,10,0.4,0.8,0.5333,0.0,15704,1,1,0,0,92,0,0,0.0,1.0,2.68,
88253b88-819e-4e0d-b530-7727813b38a8,2602.15740,arxiv,single,cs.LG,grobid,13,36,0.3333,0.9231,0.4898,0.0,11404,11,2,40,12,42,0,1,1.0,0.4722222222222222,2.8,
10aa4d57-18b9-42a1-ad99-656887d2a29b,2412.02094,arxiv,single,cs.LG,grobid,7,32,0.125,0.5714,0.2051,0.0,26355,10,3,3,0,47,0,1,0.9642857142857143,0.7241379310344828,4.82,
235daa29-749f-4632-b9a2-021996c28f4a,2512.12832,arxiv,single,cs.LG,grobid,13,18,0.6111,0.8462,0.7097,0.0,5735,12,5,6,12,20,0,1,1.0,0.7647058823529411,2.02,
552450fc-5346-4193-9bad-b47ee1d220d2,2508.16815,arxiv,single,cs.LG,grobid,10,62,0.1452,0.9,0.25,0.0,18585,58,4,41,1,47,0,1,1.0,0.2909090909090909,4.19,
ea249997-c29e-4f83-91e7-45f217816830,2602.15852,arxiv,single,cs.LG,grobid,20,16,0.5,0.4,0.4444,0.0,5713,2,2,0,0,19,19,0,0.0,0.8571428571428571,1.76,
ec16a65a-cb95-4ca5-967b-fe7913f1db7d,2602.06503,arxiv,single,cs.LG,grobid,10,17,0.5294,0.9,0.6667,0.0,5256,11,1,6,0,42,0,1,1.0,0.42857142857142855,2.09,
9b6ce57e-c6d7-42fe-a85d-4ab7baa4bf6e,2603.00181,arxiv,single,cs.LG,grobid,10,8,1.0,0.8,0.8889,0.0,2285,3,3,0,1,35,36,0,0.0,0.625,1.55,
5595a017-c5b2-4b6c-9e69-12616106a9b6,2602.23396,arxiv,single,cs.LG,grobid,68,73,0.4658,0.6471,0.5416,0.0,23823,51,0,3,0,50,0,1,0.875,0.7936507936507936,5.72,
52622a53-b11f-40e6-8bba-d0e7f7d37c37,2602.11313,arxiv,single,cs.LG,grobid,11,12,0.6667,0.7273,0.6957,0.0,11558,14,1,1,0,99,0,0,0.0,0.1111111111111111,3.6,
65071f6d-3e42-46f6-bdf9-d5e1b69c4b5c,2506.23339,arxiv,single,cs.LG,grobid,23,23,0.3478,0.3478,0.3478,0.0,5451,1,1,2,0,31,31,0,0.0,0.47619047619047616,1.76,
a5094159-cd9c-41ce-8042-44c0116e9c49,2404.05748,arxiv,single,cs.LG,grobid,22,46,0.3261,0.7273,0.4503,0.0,9373,9,3,0,0,61,0,1,1.0,0.5135135135135135,2.46,
544c57b9-f1e8-4a22-90f4-3e0edb432b8b,2511.18727,arxiv,single,cs.LG,grobid,23,18,0.6111,0.4783,0.5366,0.0,2202,2,2,0,0,12,11,0,0.0,0.5384615384615384,1.51,
94725c92-2784-43e9-b6b9-3007f1349b1b,2505.03776,arxiv,single,cs.LG,grobid,17,19,0.8421,0.9412,0.8889,0.0,6812,2,2,21,14,13,26,0,0.0,0.6666666666666666,1.9,
04170766-b7ba-49dc-81db-4bfdf966d9b9,2509.11517,arxiv,single,cs.LG,grobid,14,28,0.5,0.8571,0.6316,0.0,20899,6,0,0,0,24,0,0,0.0,0.7272727272727273,3.2,
81f27a75-2814-488a-9d74-b3630b61eda6,2602.04918,arxiv,single,cs.LG,grobid,15,19,0.5789,0.7333,0.6471,0.0,5138,5,4,8,14,18,33,0,0.0,0.5,1.85,
54366f0a-8e29-48aa-9e3d-44dc8ec66d7a,2404.17931,arxiv,single,cs.LG,grobid,7,20,0.2,0.5714,0.2963,0.0,6740,3,0,0,0,135,0,1,1.0,0.7,2.72,
42b9d5f5-f685-4d33-8e9d-82d4635a12c1,2510.00244,arxiv,single,cs.LG,grobid,16,27,0.4444,0.8125,0.5746,0.0,12885,7,2,21,9,60,0,1,1.0,0.7777777777777778,3.14,
cdcc5d5f-e730-40ba-ab25-c82e8c342a4a,2601.20346,arxiv,single,cs.LG,grobid,4,57,0.0702,1.0,0.1311,0.0,12220,17,1,15,0,47,0,0,0.0,0.6981132075471698,2.84,
741a53f6-0bde-435a-8f63-92980df89ad0,2602.12380,arxiv,single,cs.LG,grobid,5,21,0.1429,0.6,0.2308,0.0,6510,25,3,4,0,42,0,1,0.95,0.7,2.88,
77ac3f4d-7c06-4309-acc7-52e2b34ffff9,2602.19984,arxiv,single,cs.LG,grobid,26,37,0.5405,0.7692,0.6349,0.0,10220,12,11,16,5,71,46,1,0.75,0.43243243243243246,4.26,
97ff183f-c90d-4a76-9ba7-94714d124ab8,2310.14629,arxiv,single,cs.LG,grobid,23,22,0.6364,0.6087,0.6222,0.0,4137,32,4,4,5,30,0,1,1.0,0.7727272727272727,2.75,
21b607c5-5d40-4f34-91e3-bf0bbd926b5b,2602.11187,arxiv,single,cs.LG,grobid,13,10,0.1,0.0769,0.087,0.0,3211,7,7,6,3,22,22,0,0.0,0.4444444444444444,1.62,
8bd9e28e-5489-474f-a406-100d835f5469,2602.05710,arxiv,single,cs.LG,grobid,4,5,0.4,0.5,0.4444,0.0,10000,16,6,0,0,12,0,0,0.0,1.0,2.54,
fd63839f-92d2-4b72-a4eb-417bc422594d,2603.03810,arxiv,single,cs.LG,grobid,14,11,0.9091,0.7143,0.8,0.0,3286,3,3,14,7,19,28,0,0.0,0.2222222222222222,1.63,
28cf347e-db92-44f5-a487-e87b0eff099d,2602.22533,arxiv,single,cs.LG,grobid,10,9,0.6667,0.6,0.6316,0.0,5117,10,1,9,4,46,0,0,0.0,0.75,2.3,
157520d4-b826-4526-b32d-91f0f4618d85,2603.04180,arxiv,single,cs.LG,grobid,35,37,0.8919,0.9429,0.9167,0.0,4879,17,2,2,2,11,10,1,1.0,0.6333333333333333,2.25,
e3f6c36c-c2cb-4074-b78b-36876b93a472,2602.15878,arxiv,single,cs.LG,grobid,20,10,0.1,0.05,0.0667,0.0,10208,13,4,0,27,26,27,0,0.0,0.2727272727272727,6.16,
c83856df-38e3-4305-b821-083e264dccd1,2602.06907,arxiv,single,cs.LG,grobid,12,18,0.5556,0.8333,0.6667,0.0,6649,8,0,3,3,56,0,0,0.0,0.4375,2.14,
2ac11fd1-85e3-4fa0-959f-c2f5d8932f1c,2602.17962,arxiv,single,cs.LG,grobid,9,14,0.5714,0.8889,0.6957,0.0,5882,5,0,8,12,28,0,1,1.0,0.5454545454545454,2.08,
614517b3-ed3a-4e38-bb19-dfdab54c4806,2508.16179,arxiv,single,cs.LG,grobid,16,13,0.8462,0.6875,0.7586,0.0,7836,14,8,21,13,94,92,1,1.0,0.5,2.66,
6b4247dc-341b-418c-afe7-863d6b0eb837,2602.04911,arxiv,single,cs.LG,grobid,11,14,0.5714,0.7273,0.64,0.0,11117,25,9,8,11,41,0,1,0.75,0.5454545454545454,3.44,
aeb2716a-4a42-4be4-9f06-404fd2136acf,2210.04979,arxiv,single,cs.LG,grobid,22,20,0.6,0.5455,0.5714,0.0,9650,15,0,1,0,67,0,0,0.0,0.5,3.15,
07be9c5f-205a-4bef-8bd1-b941a3a18576,2602.16730,arxiv,single,cs.LG,grobid,27,20,0.35,0.2593,0.2979,0.0,12566,16,7,3,15,62,0,0,0.0,0.35294117647058826,2.76,
515d5a3f-b5f3-4091-83af-5581d50efb7d,2410.20061,arxiv,single,cs.LG,grobid,12,12,0.5,0.5,0.5,0.0,8542,12,8,11,7,51,0,0,0.0,0.5833333333333334,2.52,
0bd004da-e2ce-4c62-8acc-dedd2af65fd3,2602.19237,arxiv,single,cs.LG,grobid,16,29,0.5517,1.0,0.7111,0.0,3852,7,3,0,0,32,0,1,0.875,0.7272727272727273,1.74,
2275312d-ec6c-48d0-bd12-0b5104211e85,2602.07478,arxiv,single,cs.LG,grobid,5,11,0.2727,0.6,0.375,0.0,7950,20,1,0,0,127,0,1,1.0,0.8,2.97,
a5ccc92d-ed4b-433a-83be-292c64f8e3f3,2602.15888,arxiv,single,cs.LG,grobid,10,15,0.6667,1.0,0.8,0.0,6120,6,3,22,18,40,0,1,1.0,0.5,2.14,
aa7a2c29-4576-48e9-ad3c-318470e0ae83,2602.17689,arxiv,single,cs.LG,grobid,14,38,0.3158,0.8571,0.4615,0.0,9481,4,1,14,4,48,0,1,1.0,0.84375,2.49,
36c346b3-0aea-4b7b-9540-da97fd214660,2602.10750,arxiv,single,cs.LG,grobid,25,41,0.5854,0.92,0.7155,0.0,3918,15,5,2,0,30,27,1,1.0,0.631578947368421,1.87,
49d211ee-6d95-424c-a0cc-0d426d6c7a81,2504.19715,arxiv,single,cs.LG,grobid,7,31,0.1613,0.7143,0.2632,0.0,14776,27,2,34,13,61,0,1,0.9375,0.25,4.5,
828c00ab-5363-41e2-82e7-24e65dba2f79,2602.06519,arxiv,single,cs.LG,grobid,16,12,0.9167,0.6875,0.7857,0.0,3445,16,14,0,2,11,11,0,0.0,0.75,1.68,
ee8b4e4b-844e-4276-a4b0-61f282170edb,2504.18310,arxiv,single,cs.LG,grobid,28,14,0.9286,0.5357,0.6794,0.0,4247,4,2,0,1,21,21,0,0.0,0.3076923076923077,1.72,
96301f10-ef8d-4527-9260-965b4eb13009,2603.00968,arxiv,single,cs.LG,grobid,13,42,0.2143,0.6923,0.3273,0.0,34206,28,0,31,20,69,0,1,0.9285714285714286,0.2619047619047619,6.17,
810873c0-449d-4969-81f0-3830cb310921,2411.17411,arxiv,single,cs.LG,grobid,108,414,0.2029,0.7778,0.3218,0.0,92109,105,1,233,0,500,0,1,0.75,0.082687338501292,14.34,
6a2c193a-8f7c-4420-9675-163ed2e570cb,2501.18731,arxiv,single,cs.LG,grobid,18,16,0.6875,0.6667,0.6769,0.0,7160,4,4,0,0,58,58,1,1.0,0.625,12.98,
cad08fcd-768e-42f5-a652-ba0836a57f2f,2602.05861,arxiv,single,cs.LG,grobid,20,17,0.7647,0.65,0.7027,0.0,6309,7,7,23,14,26,24,1,1.0,0.625,2.1,
3fc188d4-8295-4a17-b3ef-07b0b6f146de,2402.07462,arxiv,single,cs.LG,grobid,9,15,0.4667,0.7778,0.5833,0.0,19356,25,3,14,6,89,0,1,1.0,0.42857142857142855,6.31,
9aea4d15-9851-4b0f-a258-5881d12375cb,2602.10119,arxiv,single,cs.LG,grobid,20,20,0.75,0.65,0.6964,0.0,7158,16,3,0,0,49,0,1,1.0,0.2222222222222222,2.54,
8644282a-bd69-4210-9d78-cca8890a88e2,2602.16887,arxiv,single,cs.LG,grobid,18,34,0.4706,0.9444,0.6282,0.0,15904,5,0,0,0,193,0,1,1.0,0.5714285714285714,3.75,
a5020d18-4347-420b-bf91-519aa90018da,2504.18367,arxiv,single,cs.LG,grobid,6,10,0.5,0.8333,0.625,0.0,6462,15,5,0,2,67,0,0,0.0,0.375,2.34,
fc37a86a-e6f0-4d50-be38-253bd0768fe6,2505.05736,arxiv,single,cs.LG,grobid,9,24,0.2917,0.7778,0.4242,0.0,15062,7,6,3,0,86,0,1,1.0,0.7368421052631579,2.96,
511573c2-1fd5-4b06-98ee-26c348673919,2405.04605,arxiv,single,cs.LG,grobid,24,17,0.8824,0.6667,0.7595,0.0,5725,5,4,1,0,30,0,1,1.0,0.25,2.27,
c2349ecb-7971-4356-9695-eed2a8edbe7d,2602.11237,arxiv,single,cs.LG,grobid,22,31,0.2258,0.2727,0.2471,0.0,9619,4,8,11,9,32,33,0,0.0,0.5769230769230769,2.22,
258fe70f-fd5a-4f52-ae0f-7122a489e8fc,2602.20658,arxiv,single,cs.LG,grobid,11,24,0.3333,0.7273,0.4571,0.0,11476,16,3,1,0,75,0,0,0.0,0.875,2.76,
1264a7b3-878c-455d-a3dd-958d7e9c34ee,2602.17092,arxiv,single,cs.LG,grobid,26,66,0.3636,0.9231,0.5217,0.0,6116,8,0,10,11,57,0,1,1.0,0.4918032786885246,2.18,
e6fe8379-859c-4932-afcf-1a6d722a93c1,2602.05387,arxiv,single,cs.LG,grobid,19,13,1.0,0.6842,0.8125,0.0,2267,2,2,2,2,10,9,1,1.0,0.4166666666666667,1.5,
76dd954e-b299-4793-91cf-21faf0f45d4c,2312.02462,arxiv,single,cs.LG,grobid,14,9,1.0,0.6429,0.7826,0.0,5069,20,0,20,13,61,51,1,1.0,0.42857142857142855,2.15,
e24e50a0-bb0a-4d5d-a79b-9160a7d001c8,2602.07021,arxiv,single,cs.LG,grobid,32,28,0.5714,0.5,0.5333,0.0,5066,6,0,0,0,5,51,0,0.0,0.5555555555555556,1.95,
af2cef86-30b4-4345-8ad4-d505576ea6f0,2507.13638,arxiv,single,cs.LG,grobid,3,8,0.25,0.6667,0.3636,0.0,7795,6,3,5,3,51,39,1,1.0,0.5714285714285714,2.14,
6872da1a-635a-4b4c-b5b8-b0da0a022ed5,2603.01275,arxiv,single,cs.LG,grobid,37,61,0.3115,0.5135,0.3878,0.0,8517,10,7,6,15,36,0,0,0.0,0.5555555555555556,2.25,
a98fd041-987f-417a-8d75-e46dbb08d1b3,2602.05967,arxiv,single,cs.LG,grobid,16,15,0.2,0.1875,0.1935,0.0,5272,10,11,11,8,11,11,0,0.0,0.75,1.84,
2501f198-0758-47cd-812a-2eedcdb01807,2511.00246,arxiv,single,cs.LG,grobid,20,18,1.0,0.9,0.9474,0.0,5316,9,9,7,12,27,30,1,1.0,0.5555555555555556,2.08,
0683c60b-3140-49d6-b63c-d45767ff7e80,2602.18786,arxiv,single,cs.LG,grobid,15,14,0.0,0.0,0.0,0.0,3536,2,3,9,6,36,35,0,0.0,0.3333333333333333,1.82,
5f281da2-5e7e-4f11-8258-73836ef563d3,2602.20224,arxiv,single,cs.LG,grobid,12,13,0.6154,0.6667,0.64,0.0,6209,1,1,9,4,38,36,1,1.0,0.8181818181818182,1.84,
23112067-64a6-416e-a461-5c59fd84326d,2304.14347,arxiv,single,cs.LG,mineru,3,4,0.75,1.0,0.8571,0.0,1903,0,0,0,0,0,9,0,0.0,0.75,10.86,
2e7b7c80-425c-4106-b469-0ea5263c999c,2602.07031,arxiv,single,cs.LG,mineru,7,24,0.1667,0.5714,0.2581,0.0,17971,16,1,0,13,0,0,1,0.375,0.14285714285714285,14.38,
435a5c71-1667-4445-bc50-187cfab96665,2602.04074,arxiv,single,cs.LG,mineru,10,49,0.0408,0.2,0.0678,0.0,19353,17,2,0,0,0,0,1,0.0,0.5853658536585366,19.24,
6926d2fd-812f-4ccf-af03-91a17f52c2da,2602.16739,arxiv,single,cs.LG,mineru,21,30,0.1333,0.1905,0.1569,0.0,16219,20,15,0,3,0,82,1,0.45,0.46153846153846156,27.11,
fd76840c-68f2-4fa6-a83f-3dce215ecf64,2602.19770,arxiv,single,cs.LG,mineru,10,33,0.0303,0.1,0.0465,0.0,25573,39,5,0,4,0,0,1,0.25,0.5757575757575758,41.11,
ef496f8d-2625-49d3-b352-cd92df3697f0,2510.20714,arxiv,single,cs.LG,mineru,16,18,0.2778,0.3125,0.2941,0.0,8793,7,7,0,1,0,20,1,0.0,0.6666666666666666,8.26,
5b1afba5-0c90-4d84-83b4-78cf5095603f,2512.15783,arxiv,single,cs.LG,mineru,7,46,0.1522,1.0,0.2642,0.0,15297,1,0,0,0,0,0,1,0.10714285714285714,0.7857142857142857,15.36,
dbf7b267-783e-46d4-b451-a39f79a8c63c,2602.03883,arxiv,single,cs.LG,mineru,5,6,0.1667,0.2,0.1818,0.0,4478,7,6,0,7,0,19,0,0.0,0.8333333333333334,4.99,
13fbbe70-498d-4f8c-86aa-07ac45c8badd,2404.09896,arxiv,single,cs.LG,mineru,13,22,0.2273,0.3846,0.2857,0.0,6380,4,4,0,0,0,0,1,0.0,0.6666666666666666,6.6,
40e61a53-fdb0-45b1-ad4d-aeff81982f14,2510.12915,arxiv,single,cs.LG,mineru,25,26,0.1538,0.16,0.1569,0.0,15556,0,0,0,0,0,9,1,0.4375,0.5,21.84,
7b8f6673-a35f-4019-a476-d6075609cb14,2602.04616,arxiv,single,cs.LG,mineru,13,59,0.0678,0.3077,0.1111,0.0,24210,5,3,0,0,0,0,1,0.3333333333333333,0.9661016949152542,19.4,
26979d70-8f41-4612-bf24-b5dc5e8a12fb,2603.02223,arxiv,single,cs.LG,mineru,9,11,0.0909,0.1111,0.1,0.0,8953,2,6,0,0,0,50,1,0.5,0.7,13.28,
d2f8662f-2651-45fc-91a3-6781dcb5f2d1,2512.19707,arxiv,single,cs.LG,mineru,12,26,0.3462,0.6667,0.4557,0.0,19083,13,4,0,0,0,0,0,0.0,0.6666666666666666,21.77,
f71b1644-3ab2-4e40-a6dc-26cb9030aef0,2602.17708,arxiv,single,cs.LG,mineru,22,50,0.08,0.1818,0.1111,0.0,16312,0,0,0,21,0,0,1,0.5,0.11363636363636363,12.91,
67eee5e7-362a-4e39-9301-bfe211c79d94,2602.19410,arxiv,single,cs.LG,mineru,7,22,0.0909,0.2857,0.1379,0.0,9536,11,10,0,1,0,0,1,0.4166666666666667,0.8636363636363636,11.21,
919c801e-0588-47e9-bd95-d49d4e00c564,2602.06446,arxiv,single,cs.LG,mineru,29,37,0.2703,0.3448,0.303,0.0,11034,6,3,0,5,0,40,1,0.3,0.5625,13.27,
2223652e-58d0-4b8c-b537-4fe3c8526dee,2602.15890,arxiv,single,cs.LG,mineru,7,17,0.2353,0.5714,0.3333,0.0,9411,14,3,0,13,0,0,1,0.4444444444444444,0.21428571428571427,12.01,
aef4da1e-7260-479b-a900-1bdec3bde85a,2602.08290,arxiv,single,cs.LG,mineru,12,19,0.4211,0.6667,0.5161,0.0,9251,1,0,0,3,0,0,1,0.5,0.8421052631578947,9.33,
18eb8b7a-1fea-4de4-b990-3216c2668d57,2603.06271,arxiv,single,cs.LG,mineru,6,52,0.1154,0.6667,0.1967,0.0,25547,8,3,0,0,0,0,1,0.1,0.44680851063829785,28.06,
b78344c6-419e-4340-8c6b-542bae4f45df,2602.09793,arxiv,single,cs.LG,mineru,12,41,0.2195,0.75,0.3396,0.0,18229,13,6,0,0,0,0,1,0.0,0.5,28.17,
0a2457bd-8ea4-47b9-bb87-5f1f658366d3,2404.03208,arxiv,single,cs.LG,mineru,15,35,0.4571,1.0,0.6275,0.0,11520,11,2,0,1,0,0,1,0.2,0.625,10.49,
44c8e989-a77f-4d0e-8760-3b684f0f0cd7,2211.01315,arxiv,single,cs.LG,mineru,34,28,0.2857,0.2353,0.2581,0.0,8251,5,6,0,0,0,14,1,0.5,0.8888888888888888,17.97,
b1384b07-573b-4183-b6c4-f93d383cd971,2602.12150,arxiv,single,cs.LG,mineru,19,20,0.7,0.6842,0.692,0.0,11922,4,4,0,0,0,32,0,0.0,0.15,11.88,
48989ca8-70a2-43c8-872c-fedd7806a99a,2601.09282,arxiv,single,cs.LG,mineru,15,26,0.1538,0.2667,0.1951,0.0,20123,6,3,0,7,0,0,1,0.3333333333333333,0.6538461538461539,39.39,
af1ff450-5a82-41aa-a4b9-819702fcb43f,2502.19115,arxiv,single,cs.LG,mineru,8,11,0.2727,0.375,0.3158,0.0,7162,1,1,0,0,0,0,1,0.3333333333333333,0.8181818181818182,7.54,
183ddbfe-4a5a-4f05-88ef-90de964ba0af,2602.16737,arxiv,single,cs.LG,mineru,9,7,0.7143,0.5556,0.625,0.0,8962,4,5,0,3,0,24,1,0.16666666666666666,0.5714285714285714,17.46,
77fa3e44-d439-497e-8eca-be7fa649ba78,2602.08479,arxiv,single,cs.LG,mineru,11,17,0.1176,0.1818,0.1429,0.0,7113,13,13,0,8,0,30,1,0.5,0.375,11.77,
735cc8a5-0f9a-4d7c-8928-8a43353577a6,2603.02810,arxiv,single,cs.LG,mineru,13,23,0.3478,0.6154,0.4444,0.0,11947,6,1,0,13,0,0,1,0.25,0.5263157894736842,12.99,
9c4d0f94-c045-41af-987a-e1c94f4d646f,2512.22426,arxiv,single,cs.LG,mineru,16,38,0.1053,0.25,0.1481,0.0,13228,11,1,0,24,0,0,1,0.4,0.42424242424242425,12.23,
e6709813-02fe-4640-a122-5bca0457e9a5,2603.00812,arxiv,single,cs.LG,mineru,24,41,0.2927,0.5,0.3692,0.0,7851,0,0,0,15,0,0,1,0.125,0.3055555555555556,9.67,
fb44f060-f97a-4722-b9bf-b79bc61a383c,2601.10181,arxiv,single,cs.LG,mineru,12,13,0.5385,0.5833,0.56,0.0,4720,3,3,0,3,0,12,1,0.5,0.3333333333333333,7.76,
ca62cb52-86df-4cc4-b509-e7929c3653fa,2503.16191,arxiv,single,cs.LG,mineru,14,30,0.1333,0.2857,0.1818,0.0,17298,10,2,0,0,0,0,1,0.3333333333333333,0.896551724137931,19.52,
24cfd54b-cf68-469b-ac64-b988e4967f76,2506.03317,arxiv,single,cs.LG,mineru,5,11,0.4545,1.0,0.625,0.0,10679,7,7,0,0,0,0,1,0.0,0.6666666666666666,10.76,
c039123c-f01c-44e2-b44c-cad8e2b66fdc,2601.11616,arxiv,single,cs.LG,mineru,23,45,0.2889,0.5652,0.3824,0.0,8907,8,3,0,8,0,12,0,0.0,0.5348837209302325,15.42,
b299a662-5851-4d74-abca-bedd7230f3a2,2602.07051,arxiv,single,cs.LG,mineru,30,75,0.1067,0.2667,0.1524,0.0,10462,10,4,0,7,0,0,1,0.1875,0.6507936507936508,12.69,
79700c2e-f930-4aae-8867-6dc4ee94e311,2602.11539,arxiv,single,cs.LG,mineru,14,20,0.1,0.1429,0.1176,0.0,9658,1,1,0,22,0,208,1,0.4166666666666667,0.6,14.7,
48ba6299-8c0c-442c-a059-2242446ce885,2602.04277,arxiv,single,cs.LG,mineru,6,27,0.1852,0.8333,0.303,0.0,11801,22,8,0,0,0,0,1,0.3333333333333333,0.20833333333333334,13.8,
9e0f8624-0350-498f-a29f-3170161ac9bb,2602.11081,arxiv,single,cs.LG,mineru,7,68,0.0882,0.8571,0.16,0.0,31182,6,3,0,0,0,0,1,0.15,0.6818181818181818,29.63,
31f89ea4-8a08-4f7f-9298-39287b380d0d,2602.05087,arxiv,single,cs.LG,mineru,3,136,0.0221,1.0,0.0432,0.0,42502,36,0,0,0,0,0,1,0.3103448275862069,0.27049180327868855,60.5,
fd1cfacb-0257-497d-b71b-ab23a42ecd69,2602.13712,arxiv,single,cs.LG,mineru,10,11,0.1818,0.2,0.1905,0.0,3726,6,6,0,0,0,12,0,0.0,0.5555555555555556,5.65,
bdacaa24-aae3-4c80-92df-c56122193935,2510.26376,arxiv,single,cs.LG,mineru,9,30,0.3,1.0,0.4615,0.0,23133,30,4,0,0,0,0,0,0.0,0.4,25.87,
36a6a213-fbd6-4b4e-838e-d6f3ba14f7d3,2603.03802,arxiv,single,cs.LG,mineru,12,23,0.1304,0.25,0.1714,0.0,20273,12,6,0,9,0,43,1,0.5,0.391304347826087,23.26,
4e5f1fa7-8f2d-43f0-8b40-bb51cb1c39dd,2603.00060,arxiv,single,cs.LG,mineru,22,33,0.3636,0.5455,0.4364,0.0,12321,2,1,0,0,0,0,1,0.0,0.9354838709677419,11.42,
c0629a6c-da40-4790-a5e8-5a7efcd0ba30,2602.21648,arxiv,single,cs.LG,mineru,32,45,0.2667,0.375,0.3117,0.0,7505,3,0,0,15,0,0,1,0.42857142857142855,0.5526315789473685,7.49,
a0ee13ab-d9d9-440a-b6b2-b2d8897ac2c9,2601.22300,arxiv,single,cs.LG,mineru,10,18,0.2222,0.4,0.2857,0.0,9445,4,4,0,6,0,0,1,0.5,0.8125,9.67,
40ab7f70-d597-4b9f-aca1-18668194ac16,2602.07152,arxiv,single,cs.LG,mineru,103,299,0.1538,0.4466,0.2289,0.0,183861,166,0,0,0,0,0,1,0.29444444444444445,0.749034749034749,185.99,
95593b84-4262-436e-bd34-ac30ba98a776,2505.11578,arxiv,single,cs.LG,mineru,20,26,0.0769,0.1,0.087,0.0,15197,9,3,0,18,0,0,1,0.5,0.4166666666666667,16.15,
0ff61f66-100e-4712-a960-7a5179812340,2602.21533,arxiv,single,cs.LG,mineru,9,43,0.1395,0.6667,0.2308,0.0,19782,13,3,0,0,0,0,1,0.2857142857142857,0.631578947368421,23.52,
52da2dfe-758c-4c5d-993e-4ebc44aa94e4,2602.20164,arxiv,single,cs.LG,mineru,18,33,0.2121,0.3889,0.2745,0.0,7916,3,1,0,6,0,0,1,0.3333333333333333,0.71875,8.61,
bd7feda6-441d-4fe4-b6fc-ecbd45a2faf6,2407.12226,arxiv,single,cs.LG,mineru,11,21,0.0952,0.1818,0.125,0.0,18893,6,2,0,0,0,0,1,0.4166666666666667,0.5263157894736842,20.14,
3969e006-6b1a-4819-b80c-2c0f3308ac3c,2602.04373,arxiv,single,cs.LG,mineru,15,36,0.0556,0.1333,0.0784,0.0,17281,6,1,0,0,0,0,1,0.0,0.5588235294117647,17.84,
badf181f-ede6-4639-b153-f69a767b575e,2603.04443,arxiv,single,cs.LG,mineru,34,45,0.1778,0.2353,0.2025,0.0,13783,6,4,0,24,0,0,1,0.5,0.627906976744186,20.6,
01fd2fa8-a94c-4f9d-bf3b-f9754df351c9,2602.06772,arxiv,single,cs.LG,mineru,16,15,0.2,0.1875,0.1935,0.0,6517,3,3,0,0,0,15,1,0.0,0.6666666666666666,10.12,
1e134e12-1055-4034-812d-d9886100b299,2403.08802,arxiv,single,cs.LG,mineru,11,16,0.5,0.7273,0.5926,0.0,24686,4,2,0,0,0,0,0,0.0,0.875,20.69,
4dcf8e83-069b-4a0b-9bab-a8428ce7e351,2603.05024,arxiv,single,cs.LG,mineru,14,34,0.0588,0.1429,0.0833,0.0,20290,11,2,0,15,0,24,1,0.35,0.29411764705882354,18.84,
1dfcbd76-f856-40f5-ab1e-a6c59933af67,2506.20102,arxiv,single,cs.LG,mineru,26,34,0.4706,0.6154,0.5333,0.0,8013,2,2,0,4,0,67,1,0.5,0.3,9.69,
45c71969-d92b-49a7-95a8-bf46f359b615,2602.04757,arxiv,single,cs.LG,mineru,6,41,0.0488,0.3333,0.0851,0.0,27049,18,0,0,0,0,0,1,0.5,0.59375,18.65,
ac0b6d9f-5394-4b04-a68f-6d2eb17a7d42,2602.10967,arxiv,single,cs.LG,mineru,15,18,0.0556,0.0667,0.0606,0.0,6740,13,13,0,4,0,10,1,0.5,0.6,10.82,
0026b418-fbb7-4212-a172-515472f20db1,2508.21418,arxiv,single,cs.LG,mineru,13,21,0.2857,0.4615,0.3529,0.0,17620,10,12,0,0,0,91,1,0.5,0.7368421052631579,31.72,
6c518873-b23c-48f5-acc1-020daeac6c9d,2602.08577,arxiv,single,cs.LG,mineru,16,37,0.3514,0.875,0.5014,0.0,27972,7,2,0,29,0,1000,1,0.2857142857142857,0.5833333333333334,32.15,
fc3bbd11-52d0-469c-907f-b09a00f06ea4,2602.23303,arxiv,single,cs.LG,mineru,5,13,0.0,0.0,0.0,0.0,10632,5,4,0,2,0,0,1,0.5,0.9166666666666666,9.72,
47c12bfc-91d2-4fe4-93cc-2b9e30664265,2602.10458,arxiv,single,cs.LG,mineru,12,36,0.2778,0.8333,0.4167,0.0,15638,9,2,0,6,0,0,1,0.38461538461538464,0.7272727272727273,14.93,
3c14b491-ea2f-400a-ad51-1ba2f3ff3767,2602.00130,arxiv,single,cs.LG,mineru,24,50,0.1,0.2083,0.1351,0.0,13884,9,7,0,3,0,0,1,0.125,0.06666666666666667,16.14,
9e34a0b0-df08-433d-9214-75c46023ba96,2601.18685,arxiv,single,cs.LG,mineru,15,29,0.2069,0.4,0.2727,0.0,11563,2,1,0,0,0,0,1,0.5,0.37037037037037035,10.92,
a8651bdd-39c3-4bde-a2b6-f14b4ee2a38b,2602.04782,arxiv,single,cs.LG,mineru,18,19,0.5263,0.5556,0.5405,0.0,11272,7,10,0,22,0,34,1,0.42857142857142855,0.5625,18.93,
d0f9fead-20c9-4fc1-adc1-b49a8721d0b1,2406.01523,arxiv,single,cs.LG,mineru,8,15,0.5333,1.0,0.6957,0.0,11950,12,12,0,7,0,0,1,0.5,0.5,42.03,
ef42383e-673f-4998-9384-8e515d1b7954,2603.00004,arxiv,single,cs.LG,mineru,43,88,0.1932,0.4884,0.2769,0.0,14403,24,24,0,0,0,0,1,0.16666666666666666,0.8571428571428571,19.75,
f604fb54-cca1-4f29-92fe-99a51c0dbb83,2602.11194,arxiv,single,cs.LG,mineru,7,20,0.1,0.2857,0.1481,0.0,12103,15,2,0,0,0,0,1,0.3333333333333333,0.5882352941176471,12.1,
764d9e84-9cb4-46e1-84da-b8c38c0bafe7,2412.11399,arxiv,single,cs.LG,mineru,18,20,0.35,0.3889,0.3684,0.0,9983,8,10,0,17,0,34,1,0.375,0.6666666666666666,26.17,
f601473e-548f-4e4b-9e00-fa1b49bf7918,2503.11066,arxiv,single,cs.LG,mineru,16,18,0.3333,0.375,0.3529,0.0,16188,8,46,0,20,0,46,1,0.5,0.2777777777777778,25.46,
07b6c03e-d715-4e58-8f52-0fe2060f7aa2,2602.17797,arxiv,single,cs.LG,mineru,13,12,0.0833,0.0769,0.08,0.0,5711,8,9,0,0,0,12,1,0.5,0.6666666666666666,9.76,
4fc9487f-5ee7-4214-a63e-71f0d540cc4c,2602.22228,arxiv,single,cs.LG,mineru,13,16,0.625,0.7692,0.6897,0.0,10665,9,0,0,0,0,0,1,0.5,0.42857142857142855,9.31,
92d87e42-9f92-479b-9188-a9522ba4cf91,2602.10801,arxiv,single,cs.LG,mineru,15,23,0.1304,0.2,0.1579,0.0,13571,16,6,0,19,0,0,1,0.4,0.3181818181818182,21.37,
21e44e6b-44d2-4ad8-a8b1-e57b4f01908e,2506.06308,arxiv,single,cs.LG,mineru,13,52,0.0769,0.3077,0.1231,0.0,22133,6,1,0,13,0,0,0,0.0,0.46,18.72,
6e4e1a35-985e-45b0-b6c9-163711882745,2510.09308,arxiv,single,cs.LG,mineru,12,31,0.1613,0.4167,0.2326,0.0,13793,8,2,0,0,0,0,1,0.5,0.9032258064516129,13.16,
3b857472-fe4f-4369-9c62-bf4a617102d8,2602.08086,arxiv,single,cs.LG,mineru,15,17,0.3529,0.4,0.375,0.0,6745,0,0,0,0,0,15,0,0.0,0.625,12.43,
18b540a6-e094-4ee0-b46d-3199fb11483c,2210.09226,arxiv,single,cs.LG,mineru,5,7,0.4286,0.6,0.5,0.0,4209,7,7,0,2,0,13,1,0.5,0.8571428571428571,6.43,
0778679b-7e8c-4249-9e48-26fdc1dce037,2602.22400,arxiv,single,cs.LG,mineru,21,23,0.2609,0.2857,0.2727,0.0,5652,4,6,0,0,0,25,1,0.5,0.7272727272727273,9.42,
f0a379f6-ce76-4dfd-bad5-47ca39e403c2,2602.22261,arxiv,single,cs.LG,mineru,6,9,0.1111,0.1667,0.1333,0.0,8435,6,5,0,0,0,0,0,0.0,0.8888888888888888,9.98,
a914e082-80f9-44cc-8be6-cc4269983113,2602.05053,arxiv,single,cs.LG,mineru,20,27,0.6667,0.9,0.766,0.0,6690,4,2,0,11,0,0,1,0.4166666666666667,0.21739130434782608,7.39,
e604e46f-de1a-438c-9b1b-f13a6168146e,2602.14275,arxiv,single,cs.LG,mineru,36,43,0.2093,0.25,0.2278,0.0,6158,3,3,0,7,0,11,1,0.35714285714285715,0.3684210526315789,10.96,
f8e45e6b-7c58-4eb0-8e21-16a3b6214223,2602.07162,arxiv,single,cs.LG,mineru,8,16,0.125,0.25,0.1667,0.0,16607,13,1,0,14,0,0,1,0.0,0.5,17.05,
24eabcb5-e453-4495-8357-b096a34d7021,2408.16773,arxiv,single,cs.LG,mineru,11,26,0.3846,0.9091,0.5405,0.0,7972,11,5,0,0,0,0,1,0.5,0.5833333333333334,9.43,
4ce2c883-8013-4d5a-947f-dddaa3ce1fb5,2204.05138,arxiv,single,cs.LG,mineru,7,178,0.0506,1.0,0.0963,0.0,97618,18,2,0,0,0,0,1,0.16666666666666666,0.813953488372093,102.16,
b111b4fc-c577-446a-9c29-f2ebcf2af82c,2308.09730,arxiv,single,cs.LG,mineru,19,22,0.4091,0.4737,0.439,0.0,13386,10,9,0,0,0,0,1,0.5,0.7619047619047619,13.38,
ea906d7d-9b38-4012-ba65-6e27a78337ef,2506.16782,arxiv,single,cs.LG,mineru,5,10,0.3,0.6,0.4,0.0,20136,0,1,0,0,0,0,1,0.5,0.8,15.47,
88253b88-819e-4e0d-b530-7727813b38a8,2602.15740,arxiv,single,cs.LG,mineru,13,40,0.15,0.4615,0.2264,0.0,15699,8,2,0,12,0,0,1,0.35714285714285715,0.55,15.23,
10aa4d57-18b9-42a1-ad99-656887d2a29b,2412.02094,arxiv,single,cs.LG,mineru,7,49,0.1224,0.8571,0.2143,0.0,20195,10,3,0,0,0,0,1,0.3541666666666667,0.7674418604651163,27.9,
235daa29-749f-4632-b9a2-021996c28f4a,2512.12832,arxiv,single,cs.LG,mineru,13,27,0.2963,0.6154,0.4,0.0,8534,9,5,0,12,0,0,1,0.4166666666666667,0.6923076923076923,9.27,
552450fc-5346-4193-9bad-b47ee1d220d2,2508.16815,arxiv,single,cs.LG,mineru,10,72,0.0972,0.7,0.1707,0.0,27476,33,4,0,1,0,0,1,0.3888888888888889,0.37142857142857144,27.93,
ea249997-c29e-4f83-91e7-45f217816830,2602.15852,arxiv,single,cs.LG,mineru,20,22,0.4091,0.45,0.4286,0.0,7391,1,2,0,0,0,19,1,0.5,0.8333333333333334,13.14,
ec16a65a-cb95-4ca5-967b-fe7913f1db7d,2602.06503,arxiv,single,cs.LG,mineru,10,21,0.2381,0.5,0.3226,0.0,9844,8,1,0,0,0,0,1,0.5,0.4444444444444444,8.32,
9b6ce57e-c6d7-42fe-a85d-4ab7baa4bf6e,2603.00181,arxiv,single,cs.LG,mineru,10,12,0.4167,0.5,0.4545,0.0,4777,3,3,0,1,0,36,0,0.0,0.75,4.53,
5595a017-c5b2-4b6c-9e69-12616106a9b6,2602.23396,arxiv,single,cs.LG,mineru,68,91,0.2857,0.5,0.3636,0.0,35821,31,0,0,0,0,0,1,0.08823529411764706,0.704225352112676,47.6,
52622a53-b11f-40e6-8bba-d0e7f7d37c37,2602.11313,arxiv,single,cs.LG,mineru,11,18,0.3889,0.6364,0.4828,0.0,26009,9,1,0,0,0,0,0,0.0,0.3125,17.37,
65071f6d-3e42-46f6-bdf9-d5e1b69c4b5c,2506.23339,arxiv,single,cs.LG,mineru,23,34,0.2647,0.3913,0.3158,0.0,7554,0,1,0,0,0,31,1,0.5,0.5161290322580645,10.4,
a5094159-cd9c-41ce-8042-44c0116e9c49,2404.05748,arxiv,single,cs.LG,mineru,22,50,0.08,0.1818,0.1111,0.0,15892,6,3,0,0,0,0,1,0.5,0.6,13.37,
544c57b9-f1e8-4a22-90f4-3e0edb432b8b,2511.18727,arxiv,single,cs.LG,mineru,23,19,0.1579,0.1304,0.1429,0.0,3336,2,2,0,0,0,11,1,0.4166666666666667,0.5294117647058824,5.43,
94725c92-2784-43e9-b6b9-3007f1349b1b,2505.03776,arxiv,single,cs.LG,mineru,17,20,0.0,0.0,0.0,0.0,6964,2,2,0,14,0,26,1,0.5,0.85,8.06,
04170766-b7ba-49dc-81db-4bfdf966d9b9,2509.11517,arxiv,single,cs.LG,mineru,14,38,0.3421,0.9286,0.5,0.0,10772,2,0,0,0,0,0,1,0.06060606060606061,0.6451612903225806,16.71,
81f27a75-2814-488a-9d74-b3630b61eda6,2602.04918,arxiv,single,cs.LG,mineru,15,22,0.5909,0.8667,0.7027,0.0,7810,4,4,0,14,0,33,0,0.0,0.47368421052631576,10.85,
54366f0a-8e29-48aa-9e3d-44dc8ec66d7a,2404.17931,arxiv,single,cs.LG,mineru,7,28,0.1429,0.5714,0.2286,0.0,17335,0,0,0,0,0,0,1,0.3,0.8214285714285714,13.26,
42b9d5f5-f685-4d33-8e9d-82d4635a12c1,2510.00244,arxiv,single,cs.LG,mineru,16,27,0.1481,0.375,0.2124,0.0,18240,6,2,0,9,0,0,1,0.5,0.4583333333333333,30.16,
cdcc5d5f-e730-40ba-ab25-c82e8c342a4a,2601.20346,arxiv,single,cs.LG,mineru,4,56,0.0,0.0,0.0,0.0,17157,12,1,0,0,0,0,1,0.375,0.7924528301886793,17.74,
741a53f6-0bde-435a-8f63-92980df89ad0,2602.12380,arxiv,single,cs.LG,mineru,5,36,0.0278,0.2,0.0488,0.0,15244,14,3,0,0,0,0,1,0.25,0.6666666666666666,14.17,
77ac3f4d-7c06-4309-acc7-52e2b34ffff9,2602.19984,arxiv,single,cs.LG,mineru,26,36,0.25,0.3462,0.2903,0.0,18898,10,11,0,5,0,46,1,0.5,0.37142857142857144,40.75,
97ff183f-c90d-4a76-9ba7-94714d124ab8,2310.14629,arxiv,single,cs.LG,mineru,23,38,0.2632,0.4348,0.3279,0.0,13694,13,4,0,5,0,0,1,0.34210526315789475,0.8108108108108109,21.31,
21b607c5-5d40-4f34-91e3-bf0bbd926b5b,2602.11187,arxiv,single,cs.LG,mineru,13,15,0.1333,0.1538,0.1429,0.0,5287,6,7,0,3,0,22,1,0.5,0.6153846153846154,7.54,
8bd9e28e-5489-474f-a406-100d835f5469,2602.05710,arxiv,single,cs.LG,mineru,4,14,0.2857,1.0,0.4444,0.0,14039,12,6,0,0,0,0,1,0.4166666666666667,0.5384615384615384,18.65,
fd63839f-92d2-4b72-a4eb-417bc422594d,2603.03810,arxiv,single,cs.LG,mineru,14,13,0.3846,0.3571,0.3704,0.0,5128,3,3,0,7,0,28,0,0.0,0.3333333333333333,6.04,
28cf347e-db92-44f5-a487-e87b0eff099d,2602.22533,arxiv,single,cs.LG,mineru,10,16,0.25,0.4,0.3077,0.0,10863,5,1,0,4,0,0,0,0.0,0.4,10.98,
157520d4-b826-4526-b32d-91f0f4618d85,2603.04180,arxiv,single,cs.LG,mineru,35,37,0.2432,0.2571,0.25,0.0,7346,13,2,0,2,0,10,1,0.16666666666666666,0.5161290322580645,9.44,
e3f6c36c-c2cb-4074-b78b-36876b93a472,2602.15878,arxiv,single,cs.LG,mineru,20,15,0.0667,0.05,0.0571,0.0,12819,10,4,0,27,0,27,1,0.5,0.6428571428571429,42.79,
c83856df-38e3-4305-b821-083e264dccd1,2602.06907,arxiv,single,cs.LG,mineru,12,28,0.4286,1.0,0.6,0.0,12371,7,0,0,3,0,0,0,0.0,0.38461538461538464,10.59,
2ac11fd1-85e3-4fa0-959f-c2f5d8932f1c,2602.17962,arxiv,single,cs.LG,mineru,9,26,0.3462,1.0,0.5143,0.0,11154,1,0,0,12,0,0,1,0.375,0.5652173913043478,8.39,
614517b3-ed3a-4e38-bb19-dfdab54c4806,2508.16179,arxiv,single,cs.LG,mineru,16,21,0.2857,0.375,0.3243,0.0,15031,13,8,0,13,0,92,1,0.5,0.5263157894736842,21.66,
6b4247dc-341b-418c-afe7-863d6b0eb837,2602.04911,arxiv,single,cs.LG,mineru,11,23,0.3478,0.7273,0.4706,0.0,16950,24,9,0,11,0,0,1,0.16666666666666666,0.5,22.62,
aeb2716a-4a42-4be4-9f06-404fd2136acf,2210.04979,arxiv,single,cs.LG,mineru,22,25,0.2,0.2273,0.2128,0.0,17115,9,0,0,0,0,0,1,0.25,0.5833333333333334,14.48,
07be9c5f-205a-4bef-8bd1-b941a3a18576,2602.16730,arxiv,single,cs.LG,mineru,27,28,0.3214,0.3333,0.3273,0.0,16683,12,7,0,15,0,0,1,0.5,0.4166666666666667,26.08,
515d5a3f-b5f3-4091-83af-5581d50efb7d,2410.20061,arxiv,single,cs.LG,mineru,12,20,0.5,0.75,0.6,0.0,12885,9,8,0,7,0,0,0,0.0,0.6666666666666666,13.97,
0bd004da-e2ce-4c62-8acc-dedd2af65fd3,2602.19237,arxiv,single,cs.LG,mineru,16,31,0.1935,0.375,0.2553,0.0,8019,10,3,0,0,0,0,1,0.07142857142857142,0.4583333333333333,11.98,
2275312d-ec6c-48d0-bd12-0b5104211e85,2602.07478,arxiv,single,cs.LG,mineru,5,26,0.0385,0.2,0.0645,0.0,20940,8,1,0,0,0,0,1,0.25,0.68,20.05,
a5ccc92d-ed4b-433a-83be-292c64f8e3f3,2602.15888,arxiv,single,cs.LG,mineru,10,21,0.381,0.8,0.5161,0.0,10055,2,3,0,18,0,0,1,0.25,0.6111111111111112,9.95,
aa7a2c29-4576-48e9-ad3c-318470e0ae83,2602.17689,arxiv,single,cs.LG,mineru,14,40,0.175,0.5,0.2593,0.0,14093,3,1,0,4,0,0,1,0.5,0.8285714285714286,13.11,
36c346b3-0aea-4b7b-9540-da97fd214660,2602.10750,arxiv,single,cs.LG,mineru,25,37,0.1622,0.24,0.1935,0.0,7710,9,5,0,0,0,27,1,0.3,0.4857142857142857,7.95,
49d211ee-6d95-424c-a0cc-0d426d6c7a81,2504.19715,arxiv,single,cs.LG,mineru,7,30,0.1,0.4286,0.1622,0.0,21749,18,2,0,13,0,0,1,0.5,0.37037037037037035,19.95,
828c00ab-5363-41e2-82e7-24e65dba2f79,2602.06519,arxiv,single,cs.LG,mineru,16,16,0.875,0.875,0.875,0.0,5491,12,14,0,2,0,11,0,0.0,0.75,9.8,
ee8b4e4b-844e-4276-a4b0-61f282170edb,2504.18310,arxiv,single,cs.LG,mineru,28,12,0.9167,0.4286,0.5841,0.0,5902,2,2,0,1,0,21,1,0.0,0.36363636363636365,5.77,
96301f10-ef8d-4527-9260-965b4eb13009,2603.00968,arxiv,single,cs.LG,mineru,13,59,0.0339,0.1538,0.0556,0.0,40997,3,0,0,20,0,0,1,0.5,0.288135593220339,29.71,
810873c0-449d-4969-81f0-3830cb310921,2411.17411,arxiv,single,cs.LG,mineru,108,164,0.2622,0.3981,0.3162,0.0,157824,16,1,0,0,0,0,1,0.2777777777777778,0.12162162162162163,88.25,
6a2c193a-8f7c-4420-9675-163ed2e570cb,2501.18731,arxiv,single,cs.LG,mineru,18,26,0.4231,0.6667,0.5176,0.0,12564,5,4,0,0,0,58,1,0.5,0.5769230769230769,196.66,
cad08fcd-768e-42f5-a652-ba0836a57f2f,2602.05861,arxiv,single,cs.LG,mineru,20,18,0.2778,0.25,0.2632,0.0,8898,7,7,0,14,0,24,1,0.5,0.5882352941176471,10.81,
3fc188d4-8295-4a17-b3ef-07b0b6f146de,2402.07462,arxiv,single,cs.LG,mineru,9,135,0.0222,0.3333,0.0417,0.0,33084,46,3,0,6,0,0,1,0.25,0.20987654320987653,40.75,
9aea4d15-9851-4b0f-a258-5881d12375cb,2602.10119,arxiv,single,cs.LG,mineru,20,25,0.72,0.8,0.7579,0.0,21146,14,3,0,0,0,0,1,0.5,0.17391304347826086,13.73,
8644282a-bd69-4210-9d78-cca8890a88e2,2602.16887,arxiv,single,cs.LG,mineru,18,38,0.1579,0.3333,0.2143,0.0,32037,3,0,0,0,0,0,1,0.16666666666666666,0.45454545454545453,25.61,
a5020d18-4347-420b-bf91-519aa90018da,2504.18367,arxiv,single,cs.LG,mineru,6,14,0.4286,1.0,0.6,0.0,12840,7,5,0,2,0,0,1,0.5,0.46153846153846156,12.27,
fc37a86a-e6f0-4d50-be38-253bd0768fe6,2505.05736,arxiv,single,cs.LG,mineru,9,31,0.2581,0.8889,0.4,0.0,18845,4,6,0,0,0,0,1,0.18181818181818182,0.6666666666666666,17.12,
511573c2-1fd5-4b06-98ee-26c348673919,2405.04605,arxiv,single,cs.LG,mineru,24,19,0.3158,0.25,0.2791,0.0,10559,5,4,0,0,0,0,1,0.35714285714285715,0.17647058823529413,8.22,
c2349ecb-7971-4356-9695-eed2a8edbe7d,2602.11237,arxiv,single,cs.LG,mineru,22,27,0.1481,0.1818,0.1633,0.0,10797,7,8,0,9,0,33,1,0.5,0.5769230769230769,17.73,
258fe70f-fd5a-4f52-ae0f-7122a489e8fc,2602.20658,arxiv,single,cs.LG,mineru,11,37,0.1351,0.4545,0.2083,0.0,19427,14,3,0,0,0,0,1,0.5,0.6285714285714286,15.73,
1264a7b3-878c-455d-a3dd-958d7e9c34ee,2602.17092,arxiv,single,cs.LG,mineru,26,62,0.0806,0.1923,0.1136,0.0,10771,8,0,0,11,0,0,1,0.5,0.559322033898305,12.89,
e6fe8379-859c-4932-afcf-1a6d722a93c1,2602.05387,arxiv,single,cs.LG,mineru,19,14,0.1429,0.1053,0.1212,0.0,3633,2,2,0,2,0,9,1,0.5,0.46153846153846156,3.76,
76dd954e-b299-4793-91cf-21faf0f45d4c,2312.02462,arxiv,single,cs.LG,mineru,14,21,0.4286,0.6429,0.5143,0.0,11424,13,0,0,13,0,51,1,0.5,0.5,10.87,
e24e50a0-bb0a-4d5d-a79b-9160a7d001c8,2602.07021,arxiv,single,cs.LG,mineru,32,36,0.3333,0.375,0.3529,0.0,5730,0,0,0,0,0,51,0,0.0,1.0,9.79,
af2cef86-30b4-4345-8ad4-d505576ea6f0,2507.13638,arxiv,single,cs.LG,mineru,3,12,0.25,1.0,0.4,0.0,11425,5,3,0,3,0,39,1,0.0,0.7272727272727273,10.07,
6872da1a-635a-4b4c-b5b8-b0da0a022ed5,2603.01275,arxiv,single,cs.LG,mineru,37,54,0.3519,0.5135,0.4176,0.0,11941,7,7,0,15,0,0,1,0.375,0.625,19.97,
a98fd041-987f-417a-8d75-e46dbb08d1b3,2602.05967,arxiv,single,cs.LG,mineru,16,19,0.3158,0.375,0.3429,0.0,6879,9,11,0,8,0,11,1,0.5,0.7333333333333333,12.63,
2501f198-0758-47cd-812a-2eedcdb01807,2511.00246,arxiv,single,cs.LG,mineru,20,22,0.4091,0.45,0.4286,0.0,8215,10,9,0,12,0,30,1,0.5,0.6818181818181818,10.62,
0683c60b-3140-49d6-b63c-d45767ff7e80,2602.18786,arxiv,single,cs.LG,mineru,15,18,0.0556,0.0667,0.0606,0.0,5851,2,3,0,6,0,35,1,0.5,0.4666666666666667,10.28,
5f281da2-5e7e-4f11-8258-73836ef563d3,2602.20224,arxiv,single,cs.LG,mineru,12,9,0.7778,0.5833,0.6667,0.0,8698,0,1,0,4,0,36,1,0.0,0.625,8.58,
23112067-64a6-416e-a461-5c59fd84326d,2304.14347,arxiv,single,cs.LG,docling,3,4,0.75,1.0,0.8571,0.6667,1960,0,0,0,0,0,9,0,0.0,0.5,8.59,
2e7b7c80-425c-4106-b469-0ea5263c999c,2602.07031,arxiv,single,cs.LG,docling,7,24,0.1667,0.5714,0.2581,0.0667,22203,18,1,26,13,0,0,1,0.0,0.09523809523809523,20.23,
435a5c71-1667-4445-bc50-187cfab96665,2602.04074,arxiv,single,cs.LG,docling,10,53,0.0755,0.4,0.127,0.0,21050,18,2,0,0,0,0,1,0.0,0.6222222222222222,26.49,
6926d2fd-812f-4ccf-af03-91a17f52c2da,2602.16739,arxiv,single,cs.LG,docling,21,30,0.1333,0.1905,0.1569,0.1569,20170,22,15,3,3,0,82,1,0.0,0.34615384615384615,16.61,
fd76840c-68f2-4fa6-a83f-3dce215ecf64,2602.19770,arxiv,single,cs.LG,docling,10,39,0.0256,0.1,0.0408,0.0,27517,51,5,4,4,0,0,1,0.0,0.2894736842105263,14.81,
ef496f8d-2625-49d3-b352-cd92df3697f0,2510.20714,arxiv,single,cs.LG,docling,16,23,0.2174,0.3125,0.2564,0.0,9899,8,7,1,1,0,20,1,0.0,0.42105263157894735,13.95,
5b1afba5-0c90-4d84-83b4-78cf5095603f,2512.15783,arxiv,single,cs.LG,docling,7,51,0.1176,0.8571,0.2069,0.1111,17954,1,0,0,0,0,0,1,0.0,0.5434782608695652,9.47,
dbf7b267-783e-46d4-b451-a39f79a8c63c,2602.03883,arxiv,single,cs.LG,docling,5,6,0.1667,0.2,0.1818,0.0,5121,7,6,7,7,0,19,0,0.0,0.6666666666666666,8.89,
13fbbe70-498d-4f8c-86aa-07ac45c8badd,2404.09896,arxiv,single,cs.LG,docling,13,22,0.2273,0.3846,0.2857,0.0,6530,4,4,0,0,0,0,1,0.0,0.47619047619047616,7.35,
40e61a53-fdb0-45b1-ad4d-aeff81982f14,2510.12915,arxiv,single,cs.LG,docling,25,27,0.1852,0.2,0.1923,0.0,16165,0,0,0,0,0,9,1,0.0,0.6363636363636364,8.06,
7b8f6673-a35f-4019-a476-d6075609cb14,2602.04616,arxiv,single,cs.LG,docling,13,65,0.0923,0.4615,0.1538,0.0256,23866,5,3,0,0,0,0,1,0.0,0.9375,12.76,
26979d70-8f41-4612-bf24-b5dc5e8a12fb,2603.02223,arxiv,single,cs.LG,docling,9,11,0.0909,0.1111,0.1,0.0,10030,6,6,0,0,0,50,1,0.0,0.6,10.08,
d2f8662f-2651-45fc-91a3-6781dcb5f2d1,2512.19707,arxiv,single,cs.LG,docling,12,35,0.3714,1.0,0.5417,0.0,25823,14,4,0,0,0,0,1,0.0,0.41935483870967744,44.02,
f71b1644-3ab2-4e40-a6dc-26cb9030aef0,2602.17708,arxiv,single,cs.LG,docling,22,55,0.0909,0.2273,0.1299,0.0,17179,0,0,22,21,0,0,1,0.0,0.125,10.8,
67eee5e7-362a-4e39-9301-bfe211c79d94,2602.19410,arxiv,single,cs.LG,docling,7,23,0.087,0.2857,0.1333,0.0667,10999,11,10,1,1,0,0,1,0.0,0.782608695652174,12.41,
919c801e-0588-47e9-bd95-d49d4e00c564,2602.06446,arxiv,single,cs.LG,docling,29,39,0.2308,0.3103,0.2647,0.0317,12703,6,3,5,5,0,40,1,0.0,0.42857142857142855,10.53,
2223652e-58d0-4b8c-b537-4fe3c8526dee,2602.15890,arxiv,single,cs.LG,docling,7,20,0.2,0.5714,0.2963,0.0,11897,13,3,27,13,0,0,1,0.0,0.1875,32.28,
aef4da1e-7260-479b-a900-1bdec3bde85a,2602.08290,arxiv,single,cs.LG,docling,12,21,0.3333,0.5833,0.4242,0.0606,10067,1,0,3,3,0,0,1,0.0,0.7142857142857143,6.98,
18eb8b7a-1fea-4de4-b990-3216c2668d57,2603.06271,arxiv,single,cs.LG,docling,6,56,0.1071,0.6667,0.1846,0.0,29857,7,3,3,0,0,0,1,0.0,0.2653061224489796,40.56,
b78344c6-419e-4340-8c6b-542bae4f45df,2602.09793,arxiv,single,cs.LG,docling,12,43,0.2093,0.75,0.3273,0.0,17486,15,6,1,0,0,0,1,0.0,0.15789473684210525,26.28,
0a2457bd-8ea4-47b9-bb87-5f1f658366d3,2404.03208,arxiv,single,cs.LG,docling,15,36,0.4444,1.0,0.6154,0.0,12622,6,2,0,1,0,0,1,0.0,0.5454545454545454,11.89,
44c8e989-a77f-4d0e-8760-3b684f0f0cd7,2211.01315,arxiv,single,cs.LG,docling,34,28,0.3214,0.2647,0.2903,0.2951,8368,8,6,0,0,0,14,1,0.0,0.7777777777777778,6.9,
b1384b07-573b-4183-b6c4-f93d383cd971,2602.12150,arxiv,single,cs.LG,docling,19,20,0.65,0.6316,0.6407,0.0,11181,4,4,0,0,0,32,0,0.0,0.1,4.09,
48989ca8-70a2-43c8-872c-fedd7806a99a,2601.09282,arxiv,single,cs.LG,docling,15,29,0.1379,0.2667,0.1818,0.0455,30228,7,3,15,7,0,0,1,0.0,0.5517241379310345,20.88,
af1ff450-5a82-41aa-a4b9-819702fcb43f,2502.19115,arxiv,single,cs.LG,docling,8,11,0.0909,0.125,0.1053,0.0,7411,1,1,0,0,0,0,1,0.0,0.7272727272727273,4.55,
183ddbfe-4a5a-4f05-88ef-90de964ba0af,2602.16737,arxiv,single,cs.LG,docling,9,8,0.625,0.5556,0.5882,0.0,8424,5,5,3,3,0,24,1,0.0,0.5,4.42,
77fa3e44-d439-497e-8eca-be7fa649ba78,2602.08479,arxiv,single,cs.LG,docling,11,18,0.1111,0.1818,0.1379,0.0,8622,13,13,8,8,0,30,1,0.0,0.47058823529411764,8.61,
735cc8a5-0f9a-4d7c-8928-8a43353577a6,2603.02810,arxiv,single,cs.LG,docling,13,25,0.32,0.6154,0.4211,0.0,14928,6,1,36,13,0,0,1,0.0,0.4,17.6,
9c4d0f94-c045-41af-987a-e1c94f4d646f,2512.22426,arxiv,single,cs.LG,docling,16,42,0.0952,0.25,0.1379,0.0,14576,11,1,30,24,0,0,1,0.0,0.3333333333333333,20.87,
e6709813-02fe-4640-a122-5bca0457e9a5,2603.00812,arxiv,single,cs.LG,docling,24,39,0.3077,0.5,0.381,0.0,9256,0,0,15,15,0,0,1,0.0,0.20588235294117646,4.82,
fb44f060-f97a-4722-b9bf-b79bc61a383c,2601.10181,arxiv,single,cs.LG,docling,12,14,0.5,0.5833,0.5385,0.48,5416,3,3,2,3,0,12,1,0.0,0.3076923076923077,3.88,
ca62cb52-86df-4cc4-b509-e7929c3653fa,2503.16191,arxiv,single,cs.LG,docling,14,29,0.1379,0.2857,0.186,0.0,20355,12,2,0,0,0,0,1,0.0,0.6071428571428571,17.58,
24cfd54b-cf68-469b-ac64-b988e4967f76,2506.03317,arxiv,single,cs.LG,docling,5,11,0.4545,1.0,0.625,0.0,14045,8,7,1,0,0,0,1,0.0,0.6,32.91,
c039123c-f01c-44e2-b44c-cad8e2b66fdc,2601.11616,arxiv,single,cs.LG,docling,23,48,0.25,0.5217,0.338,0.0303,13074,8,3,27,8,0,12,0,0.0,0.5652173913043478,27.2,
b299a662-5851-4d74-abca-bedd7230f3a2,2602.07051,arxiv,single,cs.LG,docling,30,84,0.0952,0.2667,0.1404,0.0,11592,11,4,10,7,0,0,1,0.0,0.4,18.2,
79700c2e-f930-4aae-8867-6dc4ee94e311,2602.11539,arxiv,single,cs.LG,docling,14,20,0.1,0.1429,0.1176,0.0606,10608,3,1,22,22,0,208,1,0.0,0.45,17.2,
48ba6299-8c0c-442c-a059-2242446ce885,2602.04277,arxiv,single,cs.LG,docling,6,29,0.1724,0.8333,0.2857,0.0571,14556,25,8,6,0,0,0,1,0.0,0.21739130434782608,53.95,
9e0f8624-0350-498f-a29f-3170161ac9bb,2602.11081,arxiv,single,cs.LG,docling,7,59,0.1017,0.8571,0.1818,0.0333,30773,7,3,22,0,0,0,1,0.0,0.6551724137931034,35.6,
31f89ea4-8a08-4f7f-9298-39287b380d0d,2602.05087,arxiv,single,cs.LG,docling,3,128,0.0234,1.0,0.0458,0.0,52453,40,0,21,0,0,0,1,0.0,0.2222222222222222,58.26,
fd1cfacb-0257-497d-b71b-ab23a42ecd69,2602.13712,arxiv,single,cs.LG,docling,10,11,0.1818,0.2,0.1905,0.1,4299,6,6,0,0,0,12,0,0.0,0.6666666666666666,4.55,
bdacaa24-aae3-4c80-92df-c56122193935,2510.26376,arxiv,single,cs.LG,docling,9,33,0.2727,1.0,0.4286,0.0,50252,34,4,4,0,0,0,0,0.0,0.2222222222222222,125.54,
36a6a213-fbd6-4b4e-838e-d6f3ba14f7d3,2603.03802,arxiv,single,cs.LG,docling,12,26,0.1154,0.25,0.1579,0.0,22718,12,6,11,9,0,43,1,0.0,0.32,10.78,
4e5f1fa7-8f2d-43f0-8b40-bb51cb1c39dd,2603.00060,arxiv,single,cs.LG,docling,22,33,0.3636,0.5455,0.4364,0.0,12167,2,1,0,0,0,0,1,0.0,0.9,7.12,
c0629a6c-da40-4790-a5e8-5a7efcd0ba30,2602.21648,arxiv,single,cs.LG,docling,32,46,0.2609,0.375,0.3077,0.0,7434,3,0,15,15,0,0,1,0.0,0.5526315789473685,7.57,
a0ee13ab-d9d9-440a-b6b2-b2d8897ac2c9,2601.22300,arxiv,single,cs.LG,docling,10,18,0.2222,0.4,0.2857,0.0,10918,4,4,3,6,0,0,1,0.0,0.5625,7.89,
40ab7f70-d597-4b9f-aca1-18668194ac16,2602.07152,arxiv,single,cs.LG,docling,103,299,0.1505,0.4466,0.2251,0.0252,195785,195,0,73,0,0,0,1,0.0,0.6039215686274509,209.67,
95593b84-4262-436e-bd34-ac30ba98a776,2505.11578,arxiv,single,cs.LG,docling,20,26,0.0769,0.1,0.087,0.0,17872,10,3,20,18,0,0,1,0.0,0.375,16.54,
0ff61f66-100e-4712-a960-7a5179812340,2602.21533,arxiv,single,cs.LG,docling,9,67,0.0896,0.6667,0.1579,0.0,23656,20,3,5,0,0,0,1,0.0,0.6226415094339622,46.02,
52da2dfe-758c-4c5d-993e-4ebc44aa94e4,2602.20164,arxiv,single,cs.LG,docling,18,33,0.1818,0.3333,0.2353,0.0,8019,3,1,9,6,0,0,1,0.0,0.625,6.11,
bd7feda6-441d-4fe4-b6fc-ecbd45a2faf6,2407.12226,arxiv,single,cs.LG,docling,11,32,0.0312,0.0909,0.0465,0.0,30665,15,2,8,0,0,0,1,0.0,0.4,73.48,
3969e006-6b1a-4819-b80c-2c0f3308ac3c,2602.04373,arxiv,single,cs.LG,docling,15,36,0.0556,0.1333,0.0784,0.0,19222,7,1,0,0,0,0,1,0.0,0.5,15.31,
badf181f-ede6-4639-b153-f69a767b575e,2603.04443,arxiv,single,cs.LG,docling,34,49,0.2245,0.3235,0.2651,0.0759,15390,6,4,15,24,0,0,1,0.0,0.625,8.76,
01fd2fa8-a94c-4f9d-bf3b-f9754df351c9,2602.06772,arxiv,single,cs.LG,docling,16,17,0.1176,0.125,0.1212,0.069,7792,3,3,0,0,0,15,1,0.0,0.75,4.9,
1e134e12-1055-4034-812d-d9886100b299,2403.08802,arxiv,single,cs.LG,docling,11,17,0.4706,0.7273,0.5714,0.0,27930,4,2,0,0,0,0,0,0.0,0.9411764705882353,12.19,
4dcf8e83-069b-4a0b-9bab-a8428ce7e351,2603.05024,arxiv,single,cs.LG,docling,14,36,0.0556,0.1429,0.08,0.0,23045,9,2,44,15,0,24,1,0.0,0.29411764705882354,22.58,
1dfcbd76-f856-40f5-ab1e-a6c59933af67,2506.20102,arxiv,single,cs.LG,docling,26,35,0.4,0.5385,0.459,0.459,8611,2,2,5,4,0,67,1,0.0,0.4666666666666667,5.84,
45c71969-d92b-49a7-95a8-bf46f359b615,2602.04757,arxiv,single,cs.LG,docling,6,40,0.05,0.3333,0.087,0.0,30198,20,0,8,0,0,0,1,0.0,0.46875,38.09,
ac0b6d9f-5394-4b04-a68f-6d2eb17a7d42,2602.10967,arxiv,single,cs.LG,docling,15,23,0.0,0.0,0.0,0.0,7690,18,13,2,4,0,10,1,0.0,0.5789473684210527,10.0,
0026b418-fbb7-4212-a172-515472f20db1,2508.21418,arxiv,single,cs.LG,docling,13,25,0.24,0.4615,0.3158,0.1667,17933,29,12,0,0,0,91,1,0.0,0.6956521739130435,15.82,
6c518873-b23c-48f5-acc1-020daeac6c9d,2602.08577,arxiv,single,cs.LG,docling,16,42,0.3571,0.9375,0.5172,0.0,32756,10,2,26,29,0,1000,1,0.0,0.25,37.32,
fc3bbd11-52d0-469c-907f-b09a00f06ea4,2602.23303,arxiv,single,cs.LG,docling,5,13,0.0769,0.2,0.1111,0.0,11478,4,4,6,2,0,0,1,0.0,0.6666666666666666,5.57,
47c12bfc-91d2-4fe4-93cc-2b9e30664265,2602.10458,arxiv,single,cs.LG,docling,12,36,0.25,0.75,0.375,0.0465,19076,10,2,27,6,0,0,1,0.0,0.5,24.4,
3c14b491-ea2f-400a-ad51-1ba2f3ff3767,2602.00130,arxiv,single,cs.LG,docling,24,53,0.0943,0.2083,0.1299,0.0,15196,9,7,3,3,0,0,1,0.0,0.020833333333333332,18.87,
9e34a0b0-df08-433d-9214-75c46023ba96,2601.18685,arxiv,single,cs.LG,docling,15,30,0.1333,0.2667,0.1778,0.0,13226,3,1,0,0,0,0,1,0.0,0.4444444444444444,6.61,
a8651bdd-39c3-4bde-a2b6-f14b4ee2a38b,2602.04782,arxiv,single,cs.LG,docling,18,22,0.5455,0.6111,0.5764,0.1026,13253,11,10,22,22,0,34,1,0.0,0.3333333333333333,9.24,
d0f9fead-20c9-4fc1-adc1-b49a8721d0b1,2406.01523,arxiv,single,cs.LG,docling,8,15,0.5333,1.0,0.6957,0.2353,12944,14,12,8,7,0,0,1,0.0,0.2857142857142857,11.95,
ef42383e-673f-4998-9384-8e515d1b7954,2603.00004,arxiv,single,cs.LG,docling,43,92,0.1848,0.4884,0.2681,0.0945,15108,25,24,3,0,0,0,1,0.0,0.6790123456790124,22.72,
f604fb54-cca1-4f29-92fe-99a51c0dbb83,2602.11194,arxiv,single,cs.LG,docling,7,19,0.1053,0.2857,0.1538,0.0,13740,17,2,10,0,0,0,1,0.0,0.375,22.25,
764d9e84-9cb4-46e1-84da-b8c38c0bafe7,2412.11399,arxiv,single,cs.LG,docling,18,21,0.3333,0.3889,0.359,0.0526,12040,10,10,17,17,0,34,1,0.0,0.4444444444444444,27.76,
f601473e-548f-4e4b-9e00-fa1b49bf7918,2503.11066,arxiv,single,cs.LG,docling,16,18,0.3333,0.375,0.3529,0.3636,17369,10,46,20,20,0,46,1,0.0,0.16666666666666666,19.04,
07b6c03e-d715-4e58-8f52-0fe2060f7aa2,2602.17797,arxiv,single,cs.LG,docling,13,16,0.0625,0.0769,0.069,0.069,6454,11,9,0,0,0,12,1,0.0,0.35714285714285715,8.51,
4fc9487f-5ee7-4214-a63e-71f0d540cc4c,2602.22228,arxiv,single,cs.LG,docling,13,19,0.6842,1.0,0.8125,0.0,12128,9,0,0,0,0,0,1,0.0,0.47058823529411764,15.72,
92d87e42-9f92-479b-9188-a9522ba4cf91,2602.10801,arxiv,single,cs.LG,docling,15,20,0.15,0.2667,0.192,0.1714,17198,17,6,20,19,0,0,1,0.0,0.3684210526315789,20.93,
21e44e6b-44d2-4ad8-a8b1-e57b4f01908e,2506.06308,arxiv,single,cs.LG,docling,13,48,0.0833,0.3077,0.1311,0.0364,24996,6,1,28,13,0,0,0,0.0,0.34782608695652173,15.56,
6e4e1a35-985e-45b0-b6c9-163711882745,2510.09308,arxiv,single,cs.LG,docling,12,35,0.1429,0.4167,0.2128,0.0,14963,9,2,0,0,0,0,1,0.0,0.8235294117647058,16.08,
3b857472-fe4f-4369-9c62-bf4a617102d8,2602.08086,arxiv,single,cs.LG,docling,15,17,0.3529,0.4,0.375,0.25,8030,0,0,0,0,0,15,0,0.0,0.6470588235294118,3.45,
18b540a6-e094-4ee0-b46d-3199fb11483c,2210.09226,arxiv,single,cs.LG,docling,5,7,0.4286,0.6,0.5,0.3636,4755,7,7,2,2,0,13,1,0.0,0.7142857142857143,7.19,
0778679b-7e8c-4249-9e48-26fdc1dce037,2602.22400,arxiv,single,cs.LG,docling,21,24,0.2917,0.3333,0.3111,0.1905,5335,4,6,0,0,0,25,1,0.0,0.7391304347826086,4.99,
f0a379f6-ce76-4dfd-bad5-47ca39e403c2,2602.22261,arxiv,single,cs.LG,docling,6,10,0.2,0.3333,0.25,0.0,9708,6,5,0,0,0,0,0,0.0,0.6666666666666666,8.02,
a914e082-80f9-44cc-8be6-cc4269983113,2602.05053,arxiv,single,cs.LG,docling,20,33,0.5758,0.95,0.717,0.0,7039,4,2,13,11,0,0,1,0.0,0.2413793103448276,9.47,
e604e46f-de1a-438c-9b1b-f13a6168146e,2602.14275,arxiv,single,cs.LG,docling,36,36,0.25,0.25,0.25,0.0556,6754,3,3,8,7,0,11,1,0.0,0.16129032258064516,6.7,
f8e45e6b-7c58-4eb0-8e21-16a3b6214223,2602.07162,arxiv,single,cs.LG,docling,8,17,0.1765,0.375,0.24,0.0,19018,16,1,16,14,0,0,1,0.0,0.4,18.79,
24eabcb5-e453-4495-8357-b096a34d7021,2408.16773,arxiv,single,cs.LG,docling,11,30,0.3333,0.9091,0.4878,0.0,9038,10,5,4,0,0,0,1,0.0,0.4230769230769231,16.92,
4ce2c883-8013-4d5a-947f-dddaa3ce1fb5,2204.05138,arxiv,single,cs.LG,docling,7,211,0.0379,1.0,0.0731,0.0,99097,20,2,15,0,0,0,1,0.0,0.8793969849246231,65.75,
b111b4fc-c577-446a-9c29-f2ebcf2af82c,2308.09730,arxiv,single,cs.LG,docling,19,24,0.25,0.3158,0.2791,0.0,16047,12,9,0,0,0,0,1,0.0,0.6363636363636364,23.54,
ea906d7d-9b38-4012-ba65-6e27a78337ef,2506.16782,arxiv,single,cs.LG,docling,5,16,0.1875,0.6,0.2857,0.2857,21434,0,1,0,0,0,0,1,0.0,0.9375,11.63,
88253b88-819e-4e0d-b530-7727813b38a8,2602.15740,arxiv,single,cs.LG,docling,13,39,0.1538,0.4615,0.2308,0.0,17768,10,2,28,12,0,0,1,0.0,0.4358974358974359,19.86,
10aa4d57-18b9-42a1-ad99-656887d2a29b,2412.02094,arxiv,single,cs.LG,docling,7,110,0.0545,0.8571,0.1026,0.0,18314,11,3,0,0,0,0,1,0.0,0.23684210526315788,67.76,
235daa29-749f-4632-b9a2-021996c28f4a,2512.12832,arxiv,single,cs.LG,docling,13,26,0.3077,0.6154,0.4103,0.0526,9735,10,5,12,12,0,0,1,0.0,0.64,13.68,
552450fc-5346-4193-9bad-b47ee1d220d2,2508.16815,arxiv,single,cs.LG,docling,10,82,0.0732,0.6,0.1304,0.0,35177,36,4,35,1,0,0,1,0.0,0.3,59.16,
ea249997-c29e-4f83-91e7-45f217816830,2602.15852,arxiv,single,cs.LG,docling,20,22,0.3636,0.4,0.381,0.3902,8583,2,2,0,0,0,19,1,0.0,0.8333333333333334,7.46,
ec16a65a-cb95-4ca5-967b-fe7913f1db7d,2602.06503,arxiv,single,cs.LG,docling,10,21,0.2381,0.5,0.3226,0.0,11328,8,1,6,0,0,0,1,0.0,0.2222222222222222,15.91,
9b6ce57e-c6d7-42fe-a85d-4ab7baa4bf6e,2603.00181,arxiv,single,cs.LG,docling,10,12,0.4167,0.5,0.4545,0.0,5235,3,3,1,1,0,36,0,0.0,0.5833333333333334,6.31,
5595a017-c5b2-4b6c-9e69-12616106a9b6,2602.23396,arxiv,single,cs.LG,docling,68,78,0.3205,0.5,0.3906,0.0699,34575,36,0,55,0,0,0,1,0.0,0.5606060606060606,135.2,
52622a53-b11f-40e6-8bba-d0e7f7d37c37,2602.11313,arxiv,single,cs.LG,docling,11,20,0.35,0.6364,0.4516,0.0,31263,9,1,0,0,0,0,0,0.0,0.2222222222222222,31.64,
65071f6d-3e42-46f6-bdf9-d5e1b69c4b5c,2506.23339,arxiv,single,cs.LG,docling,23,35,0.2571,0.3913,0.3103,0.0357,8578,1,1,0,0,0,31,1,0.0,0.5454545454545454,7.33,
a5094159-cd9c-41ce-8042-44c0116e9c49,2404.05748,arxiv,single,cs.LG,docling,22,59,0.1017,0.2727,0.1481,0.0,17745,6,3,0,0,0,0,1,0.0,0.6382978723404256,18.71,
544c57b9-f1e8-4a22-90f4-3e0edb432b8b,2511.18727,arxiv,single,cs.LG,docling,23,19,0.1579,0.1304,0.1429,0.0513,3572,2,2,0,0,0,11,1,0.0,0.35294117647058826,4.54,
94725c92-2784-43e9-b6b9-3007f1349b1b,2505.03776,arxiv,single,cs.LG,docling,17,21,0.0,0.0,0.0,0.0,7764,4,2,14,14,0,26,1,0.0,0.5714285714285714,9.56,
04170766-b7ba-49dc-81db-4bfdf966d9b9,2509.11517,arxiv,single,cs.LG,docling,14,41,0.3659,0.9286,0.5249,0.0,11930,2,0,0,0,0,0,1,0.0,0.47058823529411764,50.43,
81f27a75-2814-488a-9d74-b3630b61eda6,2602.04918,arxiv,single,cs.LG,docling,15,24,0.5833,0.9333,0.7179,0.0,9119,5,4,13,14,0,33,0,0.0,0.45,7.51,
54366f0a-8e29-48aa-9e3d-44dc8ec66d7a,2404.17931,arxiv,single,cs.LG,docling,7,26,0.0769,0.2857,0.1212,0.0625,17303,0,0,0,0,0,0,1,0.0,0.8076923076923077,10.09,
42b9d5f5-f685-4d33-8e9d-82d4635a12c1,2510.00244,arxiv,single,cs.LG,docling,16,30,0.1667,0.375,0.2308,0.0435,20863,20,2,7,9,0,0,1,0.0,0.28,24.91,
cdcc5d5f-e730-40ba-ab25-c82e8c342a4a,2601.20346,arxiv,single,cs.LG,docling,4,61,0.0,0.0,0.0,0.0,19423,13,1,13,0,0,0,1,0.0,0.7241379310344828,26.22,
741a53f6-0bde-435a-8f63-92980df89ad0,2602.12380,arxiv,single,cs.LG,docling,5,36,0.0278,0.2,0.0488,0.0,16869,16,3,14,0,0,0,1,0.0,0.5833333333333334,20.99,
77ac3f4d-7c06-4309-acc7-52e2b34ffff9,2602.19984,arxiv,single,cs.LG,docling,26,38,0.2368,0.3462,0.2812,0.0984,20942,14,11,9,5,0,46,1,0.0,0.2631578947368421,19.07,
97ff183f-c90d-4a76-9ba7-94714d124ab8,2310.14629,arxiv,single,cs.LG,docling,23,41,0.1951,0.3478,0.25,0.0313,19442,17,4,7,5,0,0,1,0.0,0.6341463414634146,31.6,
21b607c5-5d40-4f34-91e3-bf0bbd926b5b,2602.11187,arxiv,single,cs.LG,docling,13,14,0.1429,0.1538,0.1481,0.0,6038,6,7,3,3,0,22,1,0.0,0.5384615384615384,10.2,
8bd9e28e-5489-474f-a406-100d835f5469,2602.05710,arxiv,single,cs.LG,docling,4,24,0.1667,1.0,0.2857,0.1538,17793,10,6,0,0,0,0,1,0.0,0.3888888888888889,30.68,
fd63839f-92d2-4b72-a4eb-417bc422594d,2603.03810,arxiv,single,cs.LG,docling,14,14,0.2857,0.2857,0.2857,0.0,5636,3,3,7,7,0,28,0,0.0,0.15384615384615385,3.33,
28cf347e-db92-44f5-a487-e87b0eff099d,2602.22533,arxiv,single,cs.LG,docling,10,16,0.3125,0.5,0.3846,0.087,12545,6,1,9,4,0,0,0,0.0,0.2857142857142857,17.86,
157520d4-b826-4526-b32d-91f0f4618d85,2603.04180,arxiv,single,cs.LG,docling,35,47,0.1915,0.2571,0.2195,0.0494,10319,15,2,2,2,0,10,1,0.0,0.3333333333333333,22.9,
e3f6c36c-c2cb-4074-b78b-36876b93a472,2602.15878,arxiv,single,cs.LG,docling,20,14,0.4286,0.3,0.3529,0.3125,14593,10,4,28,27,0,27,1,0.0,0.6923076923076923,20.92,
c83856df-38e3-4305-b821-083e264dccd1,2602.06907,arxiv,single,cs.LG,docling,12,26,0.4615,1.0,0.6316,0.0,14422,9,0,1,3,0,0,0,0.0,0.38095238095238093,13.56,
2ac11fd1-85e3-4fa0-959f-c2f5d8932f1c,2602.17962,arxiv,single,cs.LG,docling,9,22,0.3182,0.7778,0.4516,0.0,11271,1,0,8,12,0,0,1,0.0,0.35,8.67,
614517b3-ed3a-4e38-bb19-dfdab54c4806,2508.16179,arxiv,single,cs.LG,docling,16,21,0.2857,0.375,0.3243,0.0,15744,15,8,13,13,0,92,1,0.0,0.47368421052631576,13.2,
6b4247dc-341b-418c-afe7-863d6b0eb837,2602.04911,arxiv,single,cs.LG,docling,11,28,0.3214,0.8182,0.4615,0.0,23472,30,9,26,11,0,0,1,0.0,0.2916666666666667,60.55,
aeb2716a-4a42-4be4-9f06-404fd2136acf,2210.04979,arxiv,single,cs.LG,docling,22,17,0.3529,0.2727,0.3077,0.0,19098,6,0,0,0,0,0,1,0.0,0.29411764705882354,32.77,
07be9c5f-205a-4bef-8bd1-b941a3a18576,2602.16730,arxiv,single,cs.LG,docling,27,28,0.3214,0.3333,0.3273,0.0,20412,13,7,16,15,0,0,1,0.0,0.3333333333333333,19.08,
515d5a3f-b5f3-4091-83af-5581d50efb7d,2410.20061,arxiv,single,cs.LG,docling,12,20,0.5,0.75,0.6,0.0667,14864,9,8,14,7,0,0,0,0.0,0.6111111111111112,16.38,
0bd004da-e2ce-4c62-8acc-dedd2af65fd3,2602.19237,arxiv,single,cs.LG,docling,16,30,0.2,0.375,0.2609,0.0435,10081,8,3,0,0,0,0,1,0.0,0.4782608695652174,19.93,
2275312d-ec6c-48d0-bd12-0b5104211e85,2602.07478,arxiv,single,cs.LG,docling,5,30,0.0333,0.2,0.0571,0.0,25022,15,1,0,0,0,0,1,0.0,0.5,26.77,
a5ccc92d-ed4b-433a-83be-292c64f8e3f3,2602.15888,arxiv,single,cs.LG,docling,10,23,0.3478,0.8,0.4848,0.0,11704,5,3,18,18,0,0,1,0.0,0.55,13.29,
aa7a2c29-4576-48e9-ad3c-318470e0ae83,2602.17689,arxiv,single,cs.LG,docling,14,41,0.1707,0.5,0.2545,0.0,16113,3,1,14,4,0,0,1,0.0,0.7714285714285715,10.41,
36c346b3-0aea-4b7b-9540-da97fd214660,2602.10750,arxiv,single,cs.LG,docling,25,39,0.1795,0.28,0.2188,0.0,7802,9,5,0,0,0,27,1,0.0,0.3783783783783784,8.56,
49d211ee-6d95-424c-a0cc-0d426d6c7a81,2504.19715,arxiv,single,cs.LG,docling,7,30,0.1,0.4286,0.1622,0.0571,22045,21,2,35,13,0,0,1,0.0,0.4074074074074074,13.24,
828c00ab-5363-41e2-82e7-24e65dba2f79,2602.06519,arxiv,single,cs.LG,docling,16,16,0.9375,0.9375,0.9375,0.0,6599,14,14,3,2,0,11,0,0.0,0.4375,10.24,
ee8b4e4b-844e-4276-a4b0-61f282170edb,2504.18310,arxiv,single,cs.LG,docling,28,18,0.8889,0.5714,0.6957,0.0,5984,2,2,1,1,0,21,1,0.0,0.4666666666666667,7.44,
96301f10-ef8d-4527-9260-965b4eb13009,2603.00968,arxiv,single,cs.LG,docling,13,80,0.0875,0.5385,0.1505,0.0,43891,4,0,235,20,0,0,1,0.0,0.1625,23.41,
810873c0-449d-4969-81f0-3830cb310921,2411.17411,arxiv,single,cs.LG,docling,108,160,0.2687,0.3981,0.3209,0.0602,189533,21,1,944,0,0,0,1,0.0,0.136986301369863,75.79,
6a2c193a-8f7c-4420-9675-163ed2e570cb,2501.18731,arxiv,single,cs.LG,docling,18,29,0.3793,0.6111,0.4681,0.0,12741,7,4,0,0,0,58,1,0.0,0.39285714285714285,21.53,
cad08fcd-768e-42f5-a652-ba0836a57f2f,2602.05861,arxiv,single,cs.LG,docling,20,20,0.3,0.3,0.3,0.1111,10384,7,7,16,14,0,24,1,0.0,0.4444444444444444,8.76,
3fc188d4-8295-4a17-b3ef-07b0b6f146de,2402.07462,arxiv,single,cs.LG,docling,9,60,0.0833,0.5556,0.1449,0.0,43383,46,3,22,6,0,0,1,0.0,0.1836734693877551,88.88,
9aea4d15-9851-4b0f-a258-5881d12375cb,2602.10119,arxiv,single,cs.LG,docling,20,27,0.6296,0.75,0.6846,0.0,17107,16,3,0,0,0,0,1,0.0,0.11538461538461539,29.2,
8644282a-bd69-4210-9d78-cca8890a88e2,2602.16887,arxiv,single,cs.LG,docling,18,39,0.1282,0.2778,0.1754,0.0,35314,3,0,0,0,0,0,1,0.0,0.5588235294117647,18.04,
a5020d18-4347-420b-bf91-519aa90018da,2504.18367,arxiv,single,cs.LG,docling,6,14,0.4286,1.0,0.6,0.0,14506,7,5,2,2,0,0,1,0.0,0.3076923076923077,17.67,
fc37a86a-e6f0-4d50-be38-253bd0768fe6,2505.05736,arxiv,single,cs.LG,docling,9,32,0.2812,1.0,0.439,0.0,19277,7,6,6,0,0,0,1,0.0,0.5,22.36,
511573c2-1fd5-4b06-98ee-26c348673919,2405.04605,arxiv,single,cs.LG,docling,24,22,0.2727,0.25,0.2609,0.0,11996,5,4,0,0,0,0,1,0.0,0.2,21.72,
c2349ecb-7971-4356-9695-eed2a8edbe7d,2602.11237,arxiv,single,cs.LG,docling,22,29,0.1379,0.1818,0.1569,0.1569,11765,8,8,11,9,0,33,1,0.0,0.46153846153846156,10.35,
258fe70f-fd5a-4f52-ae0f-7122a489e8fc,2602.20658,arxiv,single,cs.LG,docling,11,37,0.1351,0.4545,0.2083,0.0,19648,17,3,2,0,0,0,1,0.0,0.6,24.52,
1264a7b3-878c-455d-a3dd-958d7e9c34ee,2602.17092,arxiv,single,cs.LG,docling,26,82,0.1341,0.4231,0.2037,0.0,11754,8,0,12,11,0,0,1,0.0,0.5753424657534246,11.99,
e6fe8379-859c-4932-afcf-1a6d722a93c1,2602.05387,arxiv,single,cs.LG,docling,19,14,0.1429,0.1053,0.1212,0.08,3882,2,2,2,2,0,9,1,0.0,0.5384615384615384,4.55,
76dd954e-b299-4793-91cf-21faf0f45d4c,2312.02462,arxiv,single,cs.LG,docling,14,21,0.4286,0.6429,0.5143,0.0645,13952,15,0,18,13,0,51,1,0.0,0.45,22.52,
e24e50a0-bb0a-4d5d-a79b-9160a7d001c8,2602.07021,arxiv,single,cs.LG,docling,32,36,0.3333,0.375,0.3529,0.1017,9940,0,0,0,0,0,51,0,0.0,0.5428571428571428,5.61,
af2cef86-30b4-4345-8ad4-d505576ea6f0,2507.13638,arxiv,single,cs.LG,docling,3,12,0.25,1.0,0.4,0.0,11810,5,3,5,3,0,39,1,0.0,0.45454545454545453,12.72,
6872da1a-635a-4b4c-b5b8-b0da0a022ed5,2603.01275,arxiv,single,cs.LG,docling,37,54,0.3519,0.5135,0.4176,0.427,13855,7,7,10,15,0,0,1,0.0,0.7083333333333334,10.46,
a98fd041-987f-417a-8d75-e46dbb08d1b3,2602.05967,arxiv,single,cs.LG,docling,16,19,0.3158,0.375,0.3429,0.303,7918,9,11,6,8,0,11,1,0.0,0.5625,5.77,
2501f198-0758-47cd-812a-2eedcdb01807,2511.00246,arxiv,single,cs.LG,docling,20,20,0.4,0.4,0.4,0.0,9570,14,9,11,12,0,30,1,0.0,0.5,12.6,
0683c60b-3140-49d6-b63c-d45767ff7e80,2602.18786,arxiv,single,cs.LG,docling,15,17,0.0588,0.0667,0.0625,0.0,6053,3,3,6,6,0,35,1,0.0,0.26666666666666666,6.58,
5f281da2-5e7e-4f11-8258-73836ef563d3,2602.20224,arxiv,single,cs.LG,docling,12,8,0.875,0.5833,0.7,0.0,9534,1,1,4,4,0,36,1,0.0,0.625,6.86,
23112067-64a6-416e-a461-5c59fd84326d,2304.14347,arxiv,single,cs.LG,router,3,2,1.0,0.6667,0.8,0.0,1286,0,0,0,0,9,9,0,0.0,1.0,1.91,
2e7b7c80-425c-4106-b469-0ea5263c999c,2602.07031,arxiv,single,cs.LG,router,7,24,0.1667,0.5714,0.2581,0.0,17971,16,1,0,13,0,0,1,0.375,0.14285714285714285,39.66,
435a5c71-1667-4445-bc50-187cfab96665,2602.04074,arxiv,single,cs.LG,router,10,32,0.3125,1.0,0.4762,0.0,10497,21,2,0,0,51,0,0,0.0,0.7931034482758621,7.47,
6926d2fd-812f-4ccf-af03-91a17f52c2da,2602.16739,arxiv,single,cs.LG,router,21,30,0.1333,0.1905,0.1569,0.0,16219,20,15,0,3,0,82,1,0.45,0.46153846153846156,40.49,
fd76840c-68f2-4fa6-a83f-3dce215ecf64,2602.19770,arxiv,single,cs.LG,router,10,33,0.0303,0.1,0.0465,0.0,25573,39,5,0,4,0,0,1,0.25,0.5757575757575758,62.99,
ef496f8d-2625-49d3-b352-cd92df3697f0,2510.20714,arxiv,single,cs.LG,router,16,18,0.2778,0.3125,0.2941,0.0,8793,7,7,0,1,0,20,1,0.0,0.6666666666666666,11.16,
5b1afba5-0c90-4d84-83b4-78cf5095603f,2512.15783,arxiv,single,cs.LG,router,7,46,0.1522,1.0,0.2642,0.0,15297,1,0,0,0,0,0,1,0.10714285714285714,0.7857142857142857,21.51,
dbf7b267-783e-46d4-b451-a39f79a8c63c,2602.03883,arxiv,single,cs.LG,router,5,4,1.0,0.8,0.8889,0.0,2279,6,6,12,7,19,19,0,0.0,1.0,2.4,
13fbbe70-498d-4f8c-86aa-07ac45c8badd,2404.09896,arxiv,single,cs.LG,router,13,12,0.9167,0.8462,0.88,0.0,4006,5,4,0,0,22,0,1,1.0,0.6363636363636364,3.26,
40e61a53-fdb0-45b1-ad4d-aeff81982f14,2510.12915,arxiv,single,cs.LG,router,25,21,0.7143,0.6,0.6522,0.0,11152,0,0,0,0,65,9,0,0.0,0.5555555555555556,7.15,
7b8f6673-a35f-4019-a476-d6075609cb14,2602.04616,arxiv,single,cs.LG,router,13,59,0.0678,0.3077,0.1111,0.0,24210,5,3,0,0,0,0,1,0.3333333333333333,0.9661016949152542,29.59,
26979d70-8f41-4612-bf24-b5dc5e8a12fb,2603.02223,arxiv,single,cs.LG,router,9,7,0.0,0.0,0.0,0.0,4141,6,6,0,0,49,50,1,1.0,0.8571428571428571,3.33,
d2f8662f-2651-45fc-91a3-6781dcb5f2d1,2512.19707,arxiv,single,cs.LG,router,12,17,0.4118,0.5,0.4516,0.0,9724,9,4,0,0,89,0,0,0.0,0.42857142857142855,11.03,
f71b1644-3ab2-4e40-a6dc-26cb9030aef0,2602.17708,arxiv,single,cs.LG,router,22,50,0.08,0.1818,0.1111,0.0,16312,0,0,0,21,0,0,1,0.5,0.11363636363636363,16.73,
67eee5e7-362a-4e39-9301-bfe211c79d94,2602.19410,arxiv,single,cs.LG,router,7,22,0.0909,0.2857,0.1379,0.0,9536,11,10,0,1,0,0,1,0.4166666666666667,0.8636363636363636,13.81,
919c801e-0588-47e9-bd95-d49d4e00c564,2602.06446,arxiv,single,cs.LG,router,29,37,0.2703,0.3448,0.303,0.0,11034,6,3,0,5,0,40,1,0.3,0.5625,16.65,
2223652e-58d0-4b8c-b537-4fe3c8526dee,2602.15890,arxiv,single,cs.LG,router,7,17,0.2353,0.5714,0.3333,0.0,9411,14,3,0,13,0,0,1,0.4444444444444444,0.21428571428571427,16.14,
aef4da1e-7260-479b-a900-1bdec3bde85a,2602.08290,arxiv,single,cs.LG,router,12,41,0.2927,1.0,0.4528,0.0,7114,2,0,6,3,26,0,1,0.8333333333333334,0.8536585365853658,3.82,
18eb8b7a-1fea-4de4-b990-3216c2668d57,2603.06271,arxiv,single,cs.LG,router,6,52,0.1154,0.6667,0.1967,0.0,25547,8,3,0,0,0,0,1,0.1,0.44680851063829785,38.57,
b78344c6-419e-4340-8c6b-542bae4f45df,2602.09793,arxiv,single,cs.LG,router,12,41,0.2195,0.75,0.3396,0.0,18229,13,6,0,0,0,0,1,0.0,0.5,42.32,
0a2457bd-8ea4-47b9-bb87-5f1f658366d3,2404.03208,arxiv,single,cs.LG,router,15,35,0.4571,1.0,0.6275,0.0,11520,11,2,0,1,0,0,1,0.2,0.625,15.05,
44c8e989-a77f-4d0e-8760-3b684f0f0cd7,2211.01315,arxiv,single,cs.LG,router,34,28,0.2857,0.2353,0.2581,0.0,8251,5,6,0,0,0,14,1,0.5,0.8888888888888888,20.89,
b1384b07-573b-4183-b6c4-f93d383cd971,2602.12150,arxiv,single,cs.LG,router,19,20,0.7,0.6842,0.692,0.0,11922,4,4,0,0,0,32,0,0.0,0.15,14.45,
48989ca8-70a2-43c8-872c-fedd7806a99a,2601.09282,arxiv,single,cs.LG,router,15,26,0.1538,0.2667,0.1951,0.0,20123,6,3,0,7,0,0,1,0.3333333333333333,0.6538461538461539,56.7,
af1ff450-5a82-41aa-a4b9-819702fcb43f,2502.19115,arxiv,single,cs.LG,router,8,12,0.6667,1.0,0.8,0.0,5035,1,1,0,0,24,0,1,1.0,1.0,3.25,
183ddbfe-4a5a-4f05-88ef-90de964ba0af,2602.16737,arxiv,single,cs.LG,router,9,10,0.5,0.5556,0.5263,0.0,4810,6,5,3,3,34,24,1,0.75,0.5,4.78,
77fa3e44-d439-497e-8eca-be7fa649ba78,2602.08479,arxiv,single,cs.LG,router,11,16,0.0,0.0,0.0,0.0,4818,13,13,5,8,30,30,0,0.0,0.5714285714285714,3.96,
735cc8a5-0f9a-4d7c-8928-8a43353577a6,2603.02810,arxiv,single,cs.LG,router,13,23,0.3478,0.6154,0.4444,0.0,11947,6,1,0,13,0,0,1,0.25,0.5263157894736842,16.12,
9c4d0f94-c045-41af-987a-e1c94f4d646f,2512.22426,arxiv,single,cs.LG,router,16,38,0.1053,0.25,0.1481,0.0,13228,11,1,0,24,0,0,1,0.4,0.42424242424242425,14.63,
e6709813-02fe-4640-a122-5bca0457e9a5,2603.00812,arxiv,single,cs.LG,router,24,41,0.2927,0.5,0.3692,0.0,7851,0,0,0,15,0,0,1,0.125,0.3055555555555556,11.7,
fb44f060-f97a-4722-b9bf-b79bc61a383c,2601.10181,arxiv,single,cs.LG,router,12,10,0.5,0.4167,0.4545,0.0,3830,4,3,3,3,12,12,0,0.0,0.125,3.2,
ca62cb52-86df-4cc4-b509-e7929c3653fa,2503.16191,arxiv,single,cs.LG,router,14,21,0.4762,0.7143,0.5714,0.0,11193,17,2,0,0,36,0,1,1.0,0.9523809523809523,6.6,
24cfd54b-cf68-469b-ac64-b988e4967f76,2506.03317,arxiv,single,cs.LG,router,5,9,0.4444,0.8,0.5714,0.0,5551,10,7,0,0,60,0,1,1.0,0.5714285714285714,3.7,
c039123c-f01c-44e2-b44c-cad8e2b66fdc,2601.11616,arxiv,single,cs.LG,router,23,45,0.2889,0.5652,0.3824,0.0,8907,8,3,0,8,0,12,0,0.0,0.5348837209302325,20.11,
b299a662-5851-4d74-abca-bedd7230f3a2,2602.07051,arxiv,single,cs.LG,router,30,75,0.1067,0.2667,0.1524,0.0,10462,10,4,0,7,0,0,1,0.1875,0.6507936507936508,15.53,
79700c2e-f930-4aae-8867-6dc4ee94e311,2602.11539,arxiv,single,cs.LG,router,14,20,0.1,0.1429,0.1176,0.0,9658,1,1,0,22,0,208,1,0.4166666666666667,0.6,19.64,
48ba6299-8c0c-442c-a059-2242446ce885,2602.04277,arxiv,single,cs.LG,router,6,27,0.1852,0.8333,0.303,0.0,11801,22,8,0,0,0,0,1,0.3333333333333333,0.20833333333333334,15.25,
9e0f8624-0350-498f-a29f-3170161ac9bb,2602.11081,arxiv,single,cs.LG,router,7,68,0.0882,0.8571,0.16,0.0,31182,6,3,0,0,0,0,1,0.15,0.6818181818181818,34.64,
31f89ea4-8a08-4f7f-9298-39287b380d0d,2602.05087,arxiv,single,cs.LG,router,3,136,0.0221,1.0,0.0432,0.0,42502,36,0,0,0,0,0,1,0.3103448275862069,0.27049180327868855,73.76,
fd1cfacb-0257-497d-b71b-ab23a42ecd69,2602.13712,arxiv,single,cs.LG,router,10,4,0.0,0.0,0.0,0.0,2135,5,6,0,0,12,12,0,0.0,0.6666666666666666,2.3,
bdacaa24-aae3-4c80-92df-c56122193935,2510.26376,arxiv,single,cs.LG,router,9,14,0.2143,0.3333,0.2609,0.0,10476,42,4,2,0,73,0,0,0.0,0.3333333333333333,6.64,
36a6a213-fbd6-4b4e-838e-d6f3ba14f7d3,2603.03802,arxiv,single,cs.LG,router,12,17,0.2353,0.3333,0.2759,0.0,11277,9,6,28,9,63,43,1,1.0,0.29411764705882354,14.14,
4e5f1fa7-8f2d-43f0-8b40-bb51cb1c39dd,2603.00060,arxiv,single,cs.LG,router,22,28,0.6429,0.8182,0.72,0.0,9455,2,1,0,0,29,0,1,1.0,0.9615384615384616,3.93,
c0629a6c-da40-4790-a5e8-5a7efcd0ba30,2602.21648,arxiv,single,cs.LG,router,32,40,0.775,0.9688,0.8611,0.0,5275,6,0,11,15,24,0,0,0.0,0.59375,3.15,
a0ee13ab-d9d9-440a-b6b2-b2d8897ac2c9,2601.22300,arxiv,single,cs.LG,router,10,11,0.9091,1.0,0.9524,0.0,5499,5,4,0,6,50,0,1,1.0,0.7777777777777778,3.55,
40ab7f70-d597-4b9f-aca1-18668194ac16,2602.07152,arxiv,single,cs.LG,router,103,299,0.1538,0.4466,0.2289,0.0,183861,166,0,0,0,0,0,1,0.29444444444444445,0.749034749034749,215.0,
95593b84-4262-436e-bd34-ac30ba98a776,2505.11578,arxiv,single,cs.LG,router,20,26,0.0769,0.1,0.087,0.0,15197,9,3,0,18,0,0,1,0.5,0.4166666666666667,22.71,
0ff61f66-100e-4712-a960-7a5179812340,2602.21533,arxiv,single,cs.LG,router,9,43,0.1395,0.6667,0.2308,0.0,19782,13,3,0,0,0,0,1,0.2857142857142857,0.631578947368421,26.3,
52da2dfe-758c-4c5d-993e-4ebc44aa94e4,2602.20164,arxiv,single,cs.LG,router,18,31,0.5806,1.0,0.7347,0.0,5340,6,1,5,6,28,0,1,1.0,0.7586206896551724,3.56,
bd7feda6-441d-4fe4-b6fc-ecbd45a2faf6,2407.12226,arxiv,single,cs.LG,router,11,21,0.0952,0.1818,0.125,0.0,18893,6,2,0,0,0,0,1,0.4166666666666667,0.5263157894736842,26.94,
3969e006-6b1a-4819-b80c-2c0f3308ac3c,2602.04373,arxiv,single,cs.LG,router,15,36,0.0556,0.1333,0.0784,0.0,17281,6,1,0,0,0,0,1,0.0,0.5588235294117647,21.08,
badf181f-ede6-4639-b153-f69a767b575e,2603.04443,arxiv,single,cs.LG,router,34,45,0.1778,0.2353,0.2025,0.0,13783,6,4,0,24,0,0,1,0.5,0.627906976744186,23.87,
01fd2fa8-a94c-4f9d-bf3b-f9754df351c9,2602.06772,arxiv,single,cs.LG,router,16,23,0.6957,1.0,0.8205,0.0,4963,3,3,0,0,14,15,1,1.0,0.7058823529411765,2.74,
1e134e12-1055-4034-812d-d9886100b299,2403.08802,arxiv,single,cs.LG,router,11,16,0.5625,0.8182,0.6667,0.0,15711,6,2,0,0,138,0,0,0.0,1.0,6.28,
4dcf8e83-069b-4a0b-9bab-a8428ce7e351,2603.05024,arxiv,single,cs.LG,router,14,33,0.3939,0.9286,0.5532,0.0,13295,19,2,41,15,24,24,1,1.0,0.3225806451612903,9.98,
1dfcbd76-f856-40f5-ab1e-a6c59933af67,2506.20102,arxiv,single,cs.LG,router,26,27,0.4815,0.5,0.4906,0.0,5332,2,2,5,4,39,67,0,0.0,0.52,3.85,
45c71969-d92b-49a7-95a8-bf46f359b615,2602.04757,arxiv,single,cs.LG,router,6,32,0.125,0.6667,0.2105,0.0,13155,40,0,6,0,106,0,0,0.0,0.7083333333333334,7.91,
ac0b6d9f-5394-4b04-a68f-6d2eb17a7d42,2602.10967,arxiv,single,cs.LG,router,15,18,0.0556,0.0667,0.0606,0.0,6740,13,13,0,4,0,10,1,0.5,0.6,13.91,
0026b418-fbb7-4212-a172-515472f20db1,2508.21418,arxiv,single,cs.LG,router,13,12,0.8333,0.7692,0.8,0.0,8938,12,12,0,0,54,91,1,0.9,0.9090909090909091,13.36,
6c518873-b23c-48f5-acc1-020daeac6c9d,2602.08577,arxiv,single,cs.LG,router,16,37,0.3514,0.875,0.5014,0.0,27972,7,2,0,29,0,1000,1,0.2857142857142857,0.5833333333333334,50.21,
fc3bbd11-52d0-469c-907f-b09a00f06ea4,2602.23303,arxiv,single,cs.LG,router,5,7,0.1429,0.2,0.1667,0.0,6640,4,4,7,2,53,0,0,0.0,1.0,6.27,
47c12bfc-91d2-4fe4-93cc-2b9e30664265,2602.10458,arxiv,single,cs.LG,router,12,27,0.3704,0.8333,0.5128,0.0,9082,13,2,29,6,54,0,1,0.9545454545454546,0.68,7.7,
3c14b491-ea2f-400a-ad51-1ba2f3ff3767,2602.00130,arxiv,single,cs.LG,router,24,66,0.3333,0.7917,0.4691,0.0,8861,11,7,6,3,64,0,1,1.0,0.1724137931034483,7.06,
9e34a0b0-df08-433d-9214-75c46023ba96,2601.18685,arxiv,single,cs.LG,router,15,29,0.2069,0.4,0.2727,0.0,11563,2,1,0,0,0,0,1,0.5,0.37037037037037035,16.0,
a8651bdd-39c3-4bde-a2b6-f14b4ee2a38b,2602.04782,arxiv,single,cs.LG,router,18,19,0.5263,0.5556,0.5405,0.0,11272,7,10,0,22,0,34,1,0.42857142857142855,0.5625,27.9,
d0f9fead-20c9-4fc1-adc1-b49a8721d0b1,2406.01523,arxiv,single,cs.LG,router,8,10,0.8,1.0,0.8889,0.0,6305,10,12,8,7,56,0,1,1.0,0.6666666666666666,40.3,
ef42383e-673f-4998-9384-8e515d1b7954,2603.00004,arxiv,single,cs.LG,router,43,88,0.1932,0.4884,0.2769,0.0,14403,24,24,0,0,0,0,1,0.16666666666666666,0.8571428571428571,24.38,
f604fb54-cca1-4f29-92fe-99a51c0dbb83,2602.11194,arxiv,single,cs.LG,router,7,9,0.3333,0.4286,0.375,0.0,5783,19,2,4,0,38,0,1,1.0,0.5,3.82,
764d9e84-9cb4-46e1-84da-b8c38c0bafe7,2412.11399,arxiv,single,cs.LG,router,18,20,0.35,0.3889,0.3684,0.0,9983,8,10,0,17,0,34,1,0.375,0.6666666666666666,44.37,
f601473e-548f-4e4b-9e00-fa1b49bf7918,2503.11066,arxiv,single,cs.LG,router,16,15,0.4,0.375,0.3871,0.0,10071,12,46,32,20,68,46,0,0.0,0.3333333333333333,7.43,
07b6c03e-d715-4e58-8f52-0fe2060f7aa2,2602.17797,arxiv,single,cs.LG,router,13,12,0.0833,0.0769,0.08,0.0,5711,8,9,0,0,0,12,1,0.5,0.6666666666666666,13.25,
4fc9487f-5ee7-4214-a63e-71f0d540cc4c,2602.22228,arxiv,single,cs.LG,router,13,16,0.625,0.7692,0.6897,0.0,10665,9,0,0,0,0,0,1,0.5,0.42857142857142855,11.59,
92d87e42-9f92-479b-9188-a9522ba4cf91,2602.10801,arxiv,single,cs.LG,router,15,23,0.1304,0.2,0.1579,0.0,13571,16,6,0,19,0,0,1,0.4,0.3181818181818182,28.83,
21e44e6b-44d2-4ad8-a8b1-e57b4f01908e,2506.06308,arxiv,single,cs.LG,router,13,43,0.1395,0.4615,0.2143,0.0,13360,14,1,10,13,99,0,0,0.0,0.4878048780487805,8.1,
6e4e1a35-985e-45b0-b6c9-163711882745,2510.09308,arxiv,single,cs.LG,router,12,31,0.1613,0.4167,0.2326,0.0,13793,8,2,0,0,0,0,1,0.5,0.9032258064516129,18.68,
3b857472-fe4f-4369-9c62-bf4a617102d8,2602.08086,arxiv,single,cs.LG,router,15,15,0.9333,0.9333,0.9333,0.0,5366,0,0,0,0,15,15,0,0.0,0.7333333333333333,2.94,
18b540a6-e094-4ee0-b46d-3199fb11483c,2210.09226,arxiv,single,cs.LG,router,5,5,0.4,0.4,0.4,0.0,2364,6,7,1,2,13,13,0,0.0,1.0,2.37,
0778679b-7e8c-4249-9e48-26fdc1dce037,2602.22400,arxiv,single,cs.LG,router,21,18,0.2778,0.2381,0.2564,0.0,4052,0,6,0,0,25,25,0,0.0,0.7777777777777778,2.74,
f0a379f6-ce76-4dfd-bad5-47ca39e403c2,2602.22261,arxiv,single,cs.LG,router,6,9,0.4444,0.6667,0.5333,0.0,6155,3,5,0,0,16,0,0,0.0,0.8888888888888888,3.21,
a914e082-80f9-44cc-8be6-cc4269983113,2602.05053,arxiv,single,cs.LG,router,20,27,0.6667,0.9,0.766,0.0,6690,4,2,0,11,0,0,1,0.4166666666666667,0.21739130434782608,10.44,
e604e46f-de1a-438c-9b1b-f13a6168146e,2602.14275,arxiv,single,cs.LG,router,36,25,0.72,0.5,0.5902,0.0,4031,4,3,4,7,13,11,1,1.0,0.55,4.63,
f8e45e6b-7c58-4eb0-8e21-16a3b6214223,2602.07162,arxiv,single,cs.LG,router,8,12,0.5833,0.875,0.7,0.0,11623,18,1,30,14,32,0,0,0.0,0.4,6.56,
24eabcb5-e453-4495-8357-b096a34d7021,2408.16773,arxiv,single,cs.LG,router,11,26,0.3846,0.9091,0.5405,0.0,7972,11,5,0,0,0,0,1,0.5,0.5833333333333334,14.16,
4ce2c883-8013-4d5a-947f-dddaa3ce1fb5,2204.05138,arxiv,single,cs.LG,router,7,178,0.0506,1.0,0.0963,0.0,97618,18,2,0,0,0,0,1,0.16666666666666666,0.813953488372093,131.98,
b111b4fc-c577-446a-9c29-f2ebcf2af82c,2308.09730,arxiv,single,cs.LG,router,19,22,0.4091,0.4737,0.439,0.0,13386,10,9,0,0,0,0,1,0.5,0.7619047619047619,16.76,
ea906d7d-9b38-4012-ba65-6e27a78337ef,2506.16782,arxiv,single,cs.LG,router,5,10,0.3,0.6,0.4,0.0,20136,0,1,0,0,0,0,1,0.5,0.8,35.05,
88253b88-819e-4e0d-b530-7727813b38a8,2602.15740,arxiv,single,cs.LG,router,13,40,0.15,0.4615,0.2264,0.0,15699,8,2,0,12,0,0,1,0.35714285714285715,0.55,20.39,
10aa4d57-18b9-42a1-ad99-656887d2a29b,2412.02094,arxiv,single,cs.LG,router,7,49,0.1224,0.8571,0.2143,0.0,20195,10,3,0,0,0,0,1,0.3541666666666667,0.7674418604651163,38.35,
235daa29-749f-4632-b9a2-021996c28f4a,2512.12832,arxiv,single,cs.LG,router,13,27,0.2963,0.6154,0.4,0.0,8534,9,5,0,12,0,0,1,0.4166666666666667,0.6923076923076923,12.22,
552450fc-5346-4193-9bad-b47ee1d220d2,2508.16815,arxiv,single,cs.LG,router,10,62,0.1452,0.9,0.25,0.0,18585,58,4,41,1,47,0,1,1.0,0.2909090909090909,9.9,
ea249997-c29e-4f83-91e7-45f217816830,2602.15852,arxiv,single,cs.LG,router,20,22,0.4091,0.45,0.4286,0.0,7391,1,2,0,0,0,19,1,0.5,0.8333333333333334,15.36,
ec16a65a-cb95-4ca5-967b-fe7913f1db7d,2602.06503,arxiv,single,cs.LG,router,10,17,0.5294,0.9,0.6667,0.0,5256,11,1,6,0,42,0,1,1.0,0.42857142857142855,3.81,
9b6ce57e-c6d7-42fe-a85d-4ab7baa4bf6e,2603.00181,arxiv,single,cs.LG,router,10,8,1.0,0.8,0.8889,0.0,2285,3,3,0,1,35,36,0,0.0,0.625,2.65,
5595a017-c5b2-4b6c-9e69-12616106a9b6,2602.23396,arxiv,single,cs.LG,router,68,91,0.2857,0.5,0.3636,0.0,35821,31,0,0,0,0,0,1,0.08823529411764706,0.704225352112676,53.92,
52622a53-b11f-40e6-8bba-d0e7f7d37c37,2602.11313,arxiv,single,cs.LG,router,11,12,0.6667,0.7273,0.6957,0.0,11558,14,1,1,0,99,0,0,0.0,0.1111111111111111,7.34,
65071f6d-3e42-46f6-bdf9-d5e1b69c4b5c,2506.23339,arxiv,single,cs.LG,router,23,34,0.2647,0.3913,0.3158,0.0,7554,0,1,0,0,0,31,1,0.5,0.5161290322580645,13.36,
a5094159-cd9c-41ce-8042-44c0116e9c49,2404.05748,arxiv,single,cs.LG,router,22,46,0.3261,0.7273,0.4503,0.0,9373,9,3,0,0,61,0,1,1.0,0.5135135135135135,7.02,
544c57b9-f1e8-4a22-90f4-3e0edb432b8b,2511.18727,arxiv,single,cs.LG,router,23,19,0.1579,0.1304,0.1429,0.0,3336,2,2,0,0,0,11,1,0.4166666666666667,0.5294117647058824,6.98,
94725c92-2784-43e9-b6b9-3007f1349b1b,2505.03776,arxiv,single,cs.LG,router,17,19,0.8421,0.9412,0.8889,0.0,6812,2,2,21,14,13,26,0,0.0,0.6666666666666666,5.2,
04170766-b7ba-49dc-81db-4bfdf966d9b9,2509.11517,arxiv,single,cs.LG,router,14,38,0.3421,0.9286,0.5,0.0,10772,2,0,0,0,0,0,1,0.06060606060606061,0.6451612903225806,26.59,
81f27a75-2814-488a-9d74-b3630b61eda6,2602.04918,arxiv,single,cs.LG,router,15,19,0.5789,0.7333,0.6471,0.0,5138,5,4,8,14,18,33,0,0.0,0.5,3.77,
54366f0a-8e29-48aa-9e3d-44dc8ec66d7a,2404.17931,arxiv,single,cs.LG,router,7,28,0.1429,0.5714,0.2286,0.0,17335,0,0,0,0,0,0,1,0.3,0.8214285714285714,18.44,
42b9d5f5-f685-4d33-8e9d-82d4635a12c1,2510.00244,arxiv,single,cs.LG,router,16,27,0.4444,0.8125,0.5746,0.0,12885,7,2,21,9,60,0,1,1.0,0.7777777777777778,13.31,
cdcc5d5f-e730-40ba-ab25-c82e8c342a4a,2601.20346,arxiv,single,cs.LG,router,4,57,0.0702,1.0,0.1311,0.0,12220,17,1,15,0,47,0,0,0.0,0.6981132075471698,7.86,
741a53f6-0bde-435a-8f63-92980df89ad0,2602.12380,arxiv,single,cs.LG,router,5,36,0.0278,0.2,0.0488,0.0,15244,14,3,0,0,0,0,1,0.25,0.6666666666666666,20.94,
77ac3f4d-7c06-4309-acc7-52e2b34ffff9,2602.19984,arxiv,single,cs.LG,router,26,37,0.5405,0.7692,0.6349,0.0,10220,12,11,16,5,71,46,1,0.75,0.43243243243243246,26.34,
97ff183f-c90d-4a76-9ba7-94714d124ab8,2310.14629,arxiv,single,cs.LG,router,23,22,0.6364,0.6087,0.6222,0.0,4137,32,4,4,5,30,0,1,1.0,0.7727272727272727,9.31,
21b607c5-5d40-4f34-91e3-bf0bbd926b5b,2602.11187,arxiv,single,cs.LG,router,13,10,0.1,0.0769,0.087,0.0,3211,7,7,6,3,22,22,0,0.0,0.4444444444444444,3.34,
8bd9e28e-5489-474f-a406-100d835f5469,2602.05710,arxiv,single,cs.LG,router,4,5,0.4,0.5,0.4444,0.0,10000,16,6,0,0,12,0,0,0.0,1.0,6.13,
fd63839f-92d2-4b72-a4eb-417bc422594d,2603.03810,arxiv,single,cs.LG,router,14,11,0.9091,0.7143,0.8,0.0,3286,3,3,14,7,19,28,0,0.0,0.2222222222222222,3.96,
28cf347e-db92-44f5-a487-e87b0eff099d,2602.22533,arxiv,single,cs.LG,router,10,9,0.6667,0.6,0.6316,0.0,5117,10,1,9,4,46,0,0,0.0,0.75,5.36,
157520d4-b826-4526-b32d-91f0f4618d85,2603.04180,arxiv,single,cs.LG,router,35,37,0.2432,0.2571,0.25,0.0,7346,13,2,0,2,0,10,1,0.16666666666666666,0.5161290322580645,12.77,
e3f6c36c-c2cb-4074-b78b-36876b93a472,2602.15878,arxiv,single,cs.LG,router,20,10,0.1,0.05,0.0667,0.0,10208,13,4,0,27,26,27,0,0.0,0.2727272727272727,96.58,
c83856df-38e3-4305-b821-083e264dccd1,2602.06907,arxiv,single,cs.LG,router,12,18,0.5556,0.8333,0.6667,0.0,6649,8,0,3,3,56,0,0,0.0,0.4375,4.06,
2ac11fd1-85e3-4fa0-959f-c2f5d8932f1c,2602.17962,arxiv,single,cs.LG,router,9,14,0.5714,0.8889,0.6957,0.0,5882,5,0,8,12,28,0,1,1.0,0.5454545454545454,4.88,
614517b3-ed3a-4e38-bb19-dfdab54c4806,2508.16179,arxiv,single,cs.LG,router,16,13,0.8462,0.6875,0.7586,0.0,7836,14,8,21,13,94,92,1,1.0,0.5,6.68,
6b4247dc-341b-418c-afe7-863d6b0eb837,2602.04911,arxiv,single,cs.LG,router,11,23,0.3478,0.7273,0.4706,0.0,16950,24,9,0,11,0,0,1,0.16666666666666666,0.5,29.32,
aeb2716a-4a42-4be4-9f06-404fd2136acf,2210.04979,arxiv,single,cs.LG,router,22,25,0.2,0.2273,0.2128,0.0,17115,9,0,0,0,0,0,1,0.25,0.5833333333333334,25.62,
07be9c5f-205a-4bef-8bd1-b941a3a18576,2602.16730,arxiv,single,cs.LG,router,27,28,0.3214,0.3333,0.3273,0.0,16683,12,7,0,15,0,0,1,0.5,0.4166666666666667,34.82,
515d5a3f-b5f3-4091-83af-5581d50efb7d,2410.20061,arxiv,single,cs.LG,router,12,20,0.5,0.75,0.6,0.0,12885,9,8,0,7,0,0,0,0.0,0.6666666666666666,19.56,
0bd004da-e2ce-4c62-8acc-dedd2af65fd3,2602.19237,arxiv,single,cs.LG,router,16,31,0.1935,0.375,0.2553,0.0,8019,10,3,0,0,0,0,1,0.07142857142857142,0.4583333333333333,14.34,
2275312d-ec6c-48d0-bd12-0b5104211e85,2602.07478,arxiv,single,cs.LG,router,5,26,0.0385,0.2,0.0645,0.0,20940,8,1,0,0,0,0,1,0.25,0.68,35.96,
a5ccc92d-ed4b-433a-83be-292c64f8e3f3,2602.15888,arxiv,single,cs.LG,router,10,15,0.6667,1.0,0.8,0.0,6120,6,3,22,18,40,0,1,1.0,0.5,4.22,
aa7a2c29-4576-48e9-ad3c-318470e0ae83,2602.17689,arxiv,single,cs.LG,router,14,40,0.175,0.5,0.2593,0.0,14093,3,1,0,4,0,0,1,0.5,0.8285714285714286,21.75,
36c346b3-0aea-4b7b-9540-da97fd214660,2602.10750,arxiv,single,cs.LG,router,25,41,0.5854,0.92,0.7155,0.0,3918,15,5,2,0,30,27,1,1.0,0.631578947368421,3.9,
49d211ee-6d95-424c-a0cc-0d426d6c7a81,2504.19715,arxiv,single,cs.LG,router,7,30,0.1,0.4286,0.1622,0.0,21749,18,2,0,13,0,0,1,0.5,0.37037037037037035,36.99,
828c00ab-5363-41e2-82e7-24e65dba2f79,2602.06519,arxiv,single,cs.LG,router,16,12,0.9167,0.6875,0.7857,0.0,3445,16,14,0,2,11,11,0,0.0,0.75,4.17,
ee8b4e4b-844e-4276-a4b0-61f282170edb,2504.18310,arxiv,single,cs.LG,router,28,14,0.9286,0.5357,0.6794,0.0,4247,4,2,0,1,21,21,0,0.0,0.3076923076923077,3.62,
96301f10-ef8d-4527-9260-965b4eb13009,2603.00968,arxiv,single,cs.LG,router,13,42,0.2143,0.6923,0.3273,0.0,34206,28,0,31,20,69,0,1,0.9285714285714286,0.2619047619047619,21.09,
810873c0-449d-4969-81f0-3830cb310921,2411.17411,arxiv,single,cs.LG,router,108,414,0.2029,0.7778,0.3218,0.0,92109,105,1,233,0,500,0,1,0.75,0.082687338501292,45.18,
6a2c193a-8f7c-4420-9675-163ed2e570cb,2501.18731,arxiv,single,cs.LG,router,18,16,0.6875,0.6667,0.6769,0.0,7160,4,4,0,0,58,58,1,1.0,0.625,83.94,
cad08fcd-768e-42f5-a652-ba0836a57f2f,2602.05861,arxiv,single,cs.LG,router,20,17,0.7647,0.65,0.7027,0.0,6309,7,7,23,14,26,24,1,1.0,0.625,4.34,
3fc188d4-8295-4a17-b3ef-07b0b6f146de,2402.07462,arxiv,single,cs.LG,router,9,15,0.4667,0.7778,0.5833,0.0,19356,25,3,14,6,89,0,1,1.0,0.42857142857142855,10.92,
9aea4d15-9851-4b0f-a258-5881d12375cb,2602.10119,arxiv,single,cs.LG,router,20,20,0.75,0.65,0.6964,0.0,7158,16,3,0,0,49,0,1,1.0,0.2222222222222222,5.23,
8644282a-bd69-4210-9d78-cca8890a88e2,2602.16887,arxiv,single,cs.LG,router,18,34,0.4706,0.9444,0.6282,0.0,15904,5,0,0,0,193,0,1,1.0,0.5714285714285714,12.28,
a5020d18-4347-420b-bf91-519aa90018da,2504.18367,arxiv,single,cs.LG,router,6,10,0.5,0.8333,0.625,0.0,6462,15,5,0,2,67,0,0,0.0,0.375,4.28,
fc37a86a-e6f0-4d50-be38-253bd0768fe6,2505.05736,arxiv,single,cs.LG,router,9,31,0.2581,0.8889,0.4,0.0,18845,4,6,0,0,0,0,1,0.18181818181818182,0.6666666666666666,24.65,
511573c2-1fd5-4b06-98ee-26c348673919,2405.04605,arxiv,single,cs.LG,router,24,19,0.3158,0.25,0.2791,0.0,10559,5,4,0,0,0,0,1,0.35714285714285715,0.17647058823529413,16.88,
c2349ecb-7971-4356-9695-eed2a8edbe7d,2602.11237,arxiv,single,cs.LG,router,22,27,0.1481,0.1818,0.1633,0.0,10797,7,8,0,9,0,33,1,0.5,0.5769230769230769,31.46,
258fe70f-fd5a-4f52-ae0f-7122a489e8fc,2602.20658,arxiv,single,cs.LG,router,11,24,0.3333,0.7273,0.4571,0.0,11476,16,3,1,0,75,0,0,0.0,0.875,5.98,
1264a7b3-878c-455d-a3dd-958d7e9c34ee,2602.17092,arxiv,single,cs.LG,router,26,62,0.0806,0.1923,0.1136,0.0,10771,8,0,0,11,0,0,1,0.5,0.559322033898305,17.59,
e6fe8379-859c-4932-afcf-1a6d722a93c1,2602.05387,arxiv,single,cs.LG,router,19,14,0.1429,0.1053,0.1212,0.0,3633,2,2,0,2,0,9,1,0.5,0.46153846153846156,5.35,
76dd954e-b299-4793-91cf-21faf0f45d4c,2312.02462,arxiv,single,cs.LG,router,14,9,1.0,0.6429,0.7826,0.0,5069,20,0,20,13,61,51,1,1.0,0.42857142857142855,4.5,
e24e50a0-bb0a-4d5d-a79b-9160a7d001c8,2602.07021,arxiv,single,cs.LG,router,32,28,0.5714,0.5,0.5333,0.0,5066,6,0,0,0,5,51,0,0.0,0.5555555555555556,4.55,
af2cef86-30b4-4345-8ad4-d505576ea6f0,2507.13638,arxiv,single,cs.LG,router,3,8,0.25,0.6667,0.3636,0.0,7795,6,3,5,3,51,39,1,1.0,0.5714285714285714,4.02,
6872da1a-635a-4b4c-b5b8-b0da0a022ed5,2603.01275,arxiv,single,cs.LG,router,37,54,0.3519,0.5135,0.4176,0.0,11941,7,7,0,15,0,0,1,0.375,0.625,25.39,
a98fd041-987f-417a-8d75-e46dbb08d1b3,2602.05967,arxiv,single,cs.LG,router,16,19,0.3158,0.375,0.3429,0.0,6879,9,11,0,8,0,11,1,0.5,0.7333333333333333,17.52,
2501f198-0758-47cd-812a-2eedcdb01807,2511.00246,arxiv,single,cs.LG,router,20,22,0.4091,0.45,0.4286,0.0,8215,10,9,0,12,0,30,1,0.5,0.6818181818181818,13.42,
0683c60b-3140-49d6-b63c-d45767ff7e80,2602.18786,arxiv,single,cs.LG,router,15,14,0.0,0.0,0.0,0.0,3536,2,3,9,6,36,35,0,0.0,0.3333333333333333,3.22,
5f281da2-5e7e-4f11-8258-73836ef563d3,2602.20224,arxiv,single,cs.LG,router,12,13,0.6154,0.6667,0.64,0.0,6209,1,1,9,4,38,36,1,1.0,0.8181818181818182,3.78,
